<?xml version="1.0" encoding="UTF-8"?>
<fmiModelDescription
  fmiVersion="2.0"
  modelName="Nephron.Models.Glomerulus"
  guid="{736ba577-fb04-46ea-8cc3-51a7b5f009e4}"
  description=""
  generationTool="OpenModelica Compiler OMCompiler v1.13.0-dev.1087+g6f93d97a8"
  generationDateAndTime="2018-12-17T10:30:23Z"
  variableNamingConvention="structured"
  numberOfEventIndicators="1">
  <CoSimulation
    modelIdentifier="Nephron_Models_Glomerulus"
    needsExecutionTool="false"
    canHandleVariableCommunicationStepSize="true"
    canInterpolateInputs="false"
    maxOutputDerivativeOrder="1"
    canRunAsynchronuously = "false"
    canBeInstantiatedOnlyOncePerProcess="false"
    canNotUseMemoryManagementFunctions="false"
    canGetAndSetFMUstate="false"
    canSerializeFMUstate="false"
     />
  <TypeDefinitions>
    <SimpleType name="Physiolibrary.Types.SimulationType">
      <Enumeration>
        <Item name="NoInit" value="1"/>
        <Item name="NormalInit" value="2"/>
        <Item name="ReadInit" value="3"/>
        <Item name="InitSteadyState" value="4"/>
        <Item name="SteadyState" value="5"/>
      </Enumeration>
    </SimpleType>
  </TypeDefinitions>
  <LogCategories>
    <Category name="logEvents" />
    <Category name="logSingularLinearSystems" />
    <Category name="logNonlinearSystems" />
    <Category name="logDynamicStateSelection" />
    <Category name="logStatusWarning" />
    <Category name="logStatusDiscard" />
    <Category name="logStatusError" />
    <Category name="logStatusFatal" />
    <Category name="logStatusPending" />
    <Category name="logAll" />
    <Category name="logFmi2Call" />
  </LogCategories>
  <DefaultExperiment startTime="0.0" stopTime="1.0" tolerance="1e-06"/>
  <ModelVariables>
  <!-- Index of variable = "1" -->
  <ScalarVariable
    name="GBHP.pressure"
    valueReference="0"
    description="Pressure"
    variability="continuous"
    causality="local"
    initial="calculated">
    <Real nominal="133.322387415" unit="Pa"/>
  </ScalarVariable>
  <!-- Index of variable = "2" -->
  <ScalarVariable
    name="GBHP.q_in.q"
    valueReference="1"
    description="Volume flow"
    variability="continuous"
    causality="local"
    initial="calculated">
    <Real nominal="1.666666666666667e-08" unit="m3/s"/>
  </ScalarVariable>
  <!-- Index of variable = "3" -->
  <ScalarVariable
    name="afferentResistance.dp"
    valueReference="2"
    description="Pressure gradient"
    variability="continuous"
    causality="local"
    initial="calculated">
    <Real nominal="133.322387415" unit="Pa"/>
  </ScalarVariable>
  <!-- Index of variable = "4" -->
  <ScalarVariable
    name="efferentResistance.dp"
    valueReference="3"
    description="Pressure gradient"
    variability="continuous"
    causality="local"
    initial="calculated">
    <Real nominal="133.322387415" unit="Pa"/>
  </ScalarVariable>
  <!-- Index of variable = "5" -->
  <ScalarVariable
    name="efferentResistance.volumeFlowRate"
    valueReference="4"
    description="Volumetric flow"
    variability="continuous"
    causality="local"
    initial="calculated">
    <Real nominal="1.666666666666667e-08" unit="m3/s"/>
  </ScalarVariable>
  <!-- Index of variable = "6" -->
  <ScalarVariable
    name="filterResistance.dp"
    valueReference="5"
    description="Pressure gradient"
    variability="continuous"
    causality="local"
    initial="exact">
    <Real start="0.0" nominal="133.322387415" unit="Pa"/>
  </ScalarVariable>
  <!-- Index of variable = "7" -->
  <ScalarVariable
    name="filterResistance.q_in.pressure"
    valueReference="6"
    description="Pressure"
    variability="continuous"
    causality="local"
    initial="calculated">
    <Real nominal="133.322387415" unit="Pa"/>
  </ScalarVariable>
  <!-- Index of variable = "8" -->
  <ScalarVariable
    name="filterResistance.q_out.pressure"
    valueReference="7"
    description="Pressure"
    variability="continuous"
    causality="local"
    initial="calculated">
    <Real nominal="133.322387415" unit="Pa"/>
  </ScalarVariable>
  <!-- Index of variable = "9" -->
  <ScalarVariable
    name="filterResistance.volumeFlowRate"
    valueReference="8"
    description="Volumetric flow"
    variability="continuous"
    causality="local"
    initial="exact">
    <Real start="0.0" nominal="1.666666666666667e-08" unit="m3/s"/>
  </ScalarVariable>
  <!-- Index of variable = "10" -->
  <ScalarVariable
    name="idealValve1.dp"
    valueReference="9"
    description="Pressure gradient"
    variability="continuous"
    causality="local"
    initial="exact">
    <Real start="0.0" nominal="133.322387415" unit="Pa"/>
  </ScalarVariable>
  <!-- Index of variable = "11" -->
  <ScalarVariable
    name="idealValve1.passableVariable"
    valueReference="10"
    description="Auxiliary variable for actual position on the ideal diode characteristic"
    variability="continuous"
    causality="local"
    initial="exact">
    <Real start="0.0" unit="1"/>
  </ScalarVariable>
  <!-- Index of variable = "12" -->
  <ScalarVariable
    name="measureAff.dp"
    valueReference="11"
    description="Pressure gradient"
    variability="continuous"
    causality="local"
    initial="calculated">
    <Real nominal="133.322387415" unit="Pa"/>
  </ScalarVariable>
  <!-- Index of variable = "13" -->
  <ScalarVariable
    name="measureAff.pressure"
    valueReference="12"
    variability="continuous"
    causality="local"
    initial="calculated">
    <Real nominal="133.322387415" unit="Pa"/>
  </ScalarVariable>
  <!-- Index of variable = "14" -->
  <ScalarVariable
    name="measureAff.volumeFlowRateTot"
    valueReference="13"
    description="flow rate per both kidneys [L/day]"
    variability="continuous"
    causality="local"
    initial="calculated">
    <Real/>
  </ScalarVariable>
  <!-- Index of variable = "15" -->
  <ScalarVariable
    name="measureEff.dp"
    valueReference="14"
    description="Pressure gradient"
    variability="continuous"
    causality="local"
    initial="calculated">
    <Real nominal="133.322387415" unit="Pa"/>
  </ScalarVariable>
  <!-- Index of variable = "16" -->
  <ScalarVariable
    name="measureEff.pressure"
    valueReference="15"
    variability="continuous"
    causality="local"
    initial="calculated">
    <Real nominal="133.322387415" unit="Pa"/>
  </ScalarVariable>
  <!-- Index of variable = "17" -->
  <ScalarVariable
    name="measureEff.volumeFlowRateTot"
    valueReference="16"
    description="flow rate per both kidneys [L/day]"
    variability="continuous"
    causality="local"
    initial="calculated">
    <Real/>
  </ScalarVariable>
  <!-- Index of variable = "18" -->
  <ScalarVariable
    name="measureGFR.dp"
    valueReference="17"
    description="Pressure gradient"
    variability="continuous"
    causality="local"
    initial="calculated">
    <Real nominal="133.322387415" unit="Pa"/>
  </ScalarVariable>
  <!-- Index of variable = "19" -->
  <ScalarVariable
    name="measureGFR.pressure"
    valueReference="18"
    variability="continuous"
    causality="local"
    initial="calculated">
    <Real nominal="133.322387415" unit="Pa"/>
  </ScalarVariable>
  <!-- Index of variable = "20" -->
  <ScalarVariable
    name="measureGFR.volumeFlowRateTot"
    valueReference="19"
    description="flow rate per both kidneys [L/day]"
    variability="continuous"
    causality="local"
    initial="exact">
    <Real start="0.0"/>
  </ScalarVariable>
  <!-- Index of variable = "21" -->
  <ScalarVariable
    name="renalArteryResistance.dp"
    valueReference="20"
    description="Pressure gradient"
    variability="continuous"
    causality="local"
    initial="calculated">
    <Real nominal="133.322387415" unit="Pa"/>
  </ScalarVariable>
  <!-- Index of variable = "22" -->
  <ScalarVariable
    name="renalArteryResistance.volumeFlowRate"
    valueReference="21"
    description="Volumetric flow"
    variability="continuous"
    causality="local"
    initial="calculated">
    <Real nominal="1.666666666666667e-08" unit="m3/s"/>
  </ScalarVariable>
  <!-- Index of variable = "23" -->
  <ScalarVariable
    name="vasaRectaResistance.dp"
    valueReference="22"
    description="Pressure gradient"
    variability="continuous"
    causality="local"
    initial="calculated">
    <Real nominal="133.322387415" unit="Pa"/>
  </ScalarVariable>
  <!-- Index of variable = "24" -->
  <ScalarVariable
    name="CO"
    valueReference="23"
    description="cardiac output"
    variability="fixed"
    causality="parameter"
    initial="exact">
    <Real start="8.333333333333333e-05" nominal="1.666666666666667e-08" unit="m3/s"/>
  </ScalarVariable>
  <!-- Index of variable = "25" -->
  <ScalarVariable
    name="CVP"
    valueReference="24"
    description="central venous pressure"
    variability="fixed"
    causality="parameter"
    initial="exact">
    <Real start="666.611937075" nominal="133.322387415" unit="Pa"/>
  </ScalarVariable>
  <!-- Index of variable = "26" -->
  <ScalarVariable
    name="DP"
    valueReference="25"
    description="diastolic pressure"
    variability="fixed"
    causality="calculatedParameter"
    initial="calculated">
    <Real nominal="133.322387415" unit="Pa"/>
  </ScalarVariable>
  <!-- Index of variable = "27" -->
  <ScalarVariable
    name="GFR1"
    valueReference="26"
    description="primary urine production per each nephron"
    variability="fixed"
    causality="calculatedParameter"
    initial="calculated">
    <Real nominal="1.666666666666667e-08" unit="m3/s"/>
  </ScalarVariable>
  <!-- Index of variable = "28" -->
  <ScalarVariable
    name="MAP"
    valueReference="27"
    description="blood pressure befor afferent arteriole, https://en.wikipedia.org/wiki/Blood_pressure, https://www.omnicalculator.com/health/mean-arterial-pressure"
    variability="fixed"
    causality="calculatedParameter"
    initial="calculated">
    <Real nominal="133.322387415" unit="Pa"/>
  </ScalarVariable>
  <!-- Index of variable = "29" -->
  <ScalarVariable
    name="MAP_mod"
    valueReference="28"
    variability="fixed"
    causality="parameter"
    initial="exact">
    <Real start="1.0"/>
  </ScalarVariable>
  <!-- Index of variable = "30" -->
  <ScalarVariable
    name="MAP_norm"
    valueReference="29"
    description="blood pressure befor afferent arteriole, https://en.wikipedia.org/wiki/Blood_pressure, https://www.omnicalculator.com/health/mean-arterial-pressure"
    variability="fixed"
    causality="parameter"
    initial="exact">
    <Real start="11199.08054286" nominal="133.322387415" unit="Pa"/>
  </ScalarVariable>
  <!-- Index of variable = "31" -->
  <ScalarVariable
    name="P_Filter_norm"
    valueReference="30"
    description="normal filtration pressure, papír od HŽ"
    variability="fixed"
    causality="parameter"
    initial="exact">
    <Real start="799.9343244900001" nominal="133.322387415" unit="Pa"/>
  </ScalarVariable>
  <!-- Index of variable = "32" -->
  <ScalarVariable
    name="P_Glom_norm"
    valueReference="31"
    description="hydrostatic pressure in glomerular capilaries"
    variability="fixed"
    causality="calculatedParameter"
    initial="calculated">
    <Real nominal="133.322387415" unit="Pa"/>
  </ScalarVariable>
  <!-- Index of variable = "33" -->
  <ScalarVariable
    name="P_aff_norm"
    valueReference="32"
    description="normal pressure in afferent arteriole"
    variability="fixed"
    causality="parameter"
    initial="exact">
    <Real start="6666.119370750001" nominal="133.322387415" unit="Pa"/>
  </ScalarVariable>
  <!-- Index of variable = "34" -->
  <ScalarVariable
    name="P_bowm"
    valueReference="33"
    description="primary urine pressure in bowman capsule, papír od Honzy Živnýho"
    variability="fixed"
    causality="parameter"
    initial="exact">
    <Real start="1333.22387415" nominal="133.322387415" unit="Pa"/>
  </ScalarVariable>
  <!-- Index of variable = "35" -->
  <ScalarVariable
    name="P_eff_norm"
    valueReference="34"
    description="normal pressure in efferent arteriole"
    variability="fixed"
    causality="parameter"
    initial="exact">
    <Real start="5332.8954966" nominal="133.322387415" unit="Pa"/>
  </ScalarVariable>
  <!-- Index of variable = "36" -->
  <ScalarVariable
    name="RBF1"
    valueReference="35"
    description="blood flow into each glomerulus"
    variability="fixed"
    causality="calculatedParameter"
    initial="calculated">
    <Real nominal="1.666666666666667e-08" unit="m3/s"/>
  </ScalarVariable>
  <!-- Index of variable = "37" -->
  <ScalarVariable
    name="R_aff"
    valueReference="36"
    description="afferent arteriol resistance"
    variability="fixed"
    causality="calculatedParameter"
    initial="calculated">
    <Real min="0.0" nominal="7999343244.900001" unit="(Pa.s)/m3"/>
  </ScalarVariable>
  <!-- Index of variable = "38" -->
  <ScalarVariable
    name="R_aff_mod"
    valueReference="37"
    variability="fixed"
    causality="parameter"
    initial="exact">
    <Real start="1.0"/>
  </ScalarVariable>
  <!-- Index of variable = "39" -->
  <ScalarVariable
    name="R_eff"
    valueReference="38"
    description="efferent arteriol resistance"
    variability="fixed"
    causality="calculatedParameter"
    initial="calculated">
    <Real min="0.0" nominal="7999343244.900001" unit="(Pa.s)/m3"/>
  </ScalarVariable>
  <!-- Index of variable = "40" -->
  <ScalarVariable
    name="R_eff_mod"
    valueReference="39"
    variability="fixed"
    causality="parameter"
    initial="exact">
    <Real start="1.0"/>
  </ScalarVariable>
  <!-- Index of variable = "41" -->
  <ScalarVariable
    name="R_filter"
    valueReference="40"
    description="efferent arteriol resistance"
    variability="fixed"
    causality="calculatedParameter"
    initial="calculated">
    <Real min="0.0" nominal="7999343244.900001" unit="(Pa.s)/m3"/>
  </ScalarVariable>
  <!-- Index of variable = "42" -->
  <ScalarVariable
    name="R_filter_mod"
    valueReference="41"
    description="qotient to modify R_filter"
    variability="fixed"
    causality="parameter"
    initial="exact">
    <Real start="1.0"/>
  </ScalarVariable>
  <!-- Index of variable = "43" -->
  <ScalarVariable
    name="R_ra"
    valueReference="42"
    description="renal artery resistance"
    variability="fixed"
    causality="calculatedParameter"
    initial="calculated">
    <Real min="0.0" nominal="7999343244.900001" unit="(Pa.s)/m3"/>
  </ScalarVariable>
  <!-- Index of variable = "44" -->
  <ScalarVariable
    name="R_vr"
    valueReference="43"
    description="vasa recta resistance"
    variability="fixed"
    causality="calculatedParameter"
    initial="calculated">
    <Real min="0.0" nominal="7999343244.900001" unit="(Pa.s)/m3"/>
  </ScalarVariable>
  <!-- Index of variable = "45" -->
  <ScalarVariable
    name="SP"
    valueReference="44"
    description="systolic pressure"
    variability="fixed"
    causality="calculatedParameter"
    initial="calculated">
    <Real nominal="133.322387415" unit="Pa"/>
  </ScalarVariable>
  <!-- Index of variable = "46" -->
  <ScalarVariable
    name="afferentResistance.Conductance"
    valueReference="45"
    description="Hydraulic conductance if useConductanceInput=false"
    variability="fixed"
    causality="calculatedParameter"
    initial="calculated">
    <Real min="0.0" nominal="1.250102626409427e-10" unit="m3/(Pa.s)"/>
  </ScalarVariable>
  <!-- Index of variable = "47" -->
  <ScalarVariable
    name="afferentResistance.Resistance"
    valueReference="46"
    description="Hydraulic conductance if useConductanceInput=false"
    variability="fixed"
    causality="calculatedParameter"
    initial="calculated">
    <Real min="0.0" nominal="7999343244.900001" unit="(Pa.s)/m3"/>
  </ScalarVariable>
  <!-- Index of variable = "48" -->
  <ScalarVariable
    name="bloodDrain.P"
    valueReference="47"
    description="Hydraulic pressure if usePressureInput=false"
    variability="fixed"
    causality="calculatedParameter"
    initial="calculated">
    <Real nominal="133.322387415" unit="Pa"/>
  </ScalarVariable>
  <!-- Index of variable = "49" -->
  <ScalarVariable
    name="bloodSource.P"
    valueReference="48"
    description="Hydraulic pressure if usePressureInput=false"
    variability="fixed"
    causality="calculatedParameter"
    initial="calculated">
    <Real nominal="133.322387415" unit="Pa"/>
  </ScalarVariable>
  <!-- Index of variable = "50" -->
  <ScalarVariable
    name="efferentResistance.Conductance"
    valueReference="49"
    description="Hydraulic conductance if useConductanceInput=false"
    variability="fixed"
    causality="calculatedParameter"
    initial="calculated">
    <Real min="0.0" nominal="1.250102626409427e-10" unit="m3/(Pa.s)"/>
  </ScalarVariable>
  <!-- Index of variable = "51" -->
  <ScalarVariable
    name="efferentResistance.Resistance"
    valueReference="50"
    description="Hydraulic conductance if useConductanceInput=false"
    variability="fixed"
    causality="calculatedParameter"
    initial="calculated">
    <Real min="0.0" nominal="7999343244.900001" unit="(Pa.s)/m3"/>
  </ScalarVariable>
  <!-- Index of variable = "52" -->
  <ScalarVariable
    name="filterResistance.Conductance"
    valueReference="51"
    description="Hydraulic conductance if useConductanceInput=false"
    variability="fixed"
    causality="calculatedParameter"
    initial="calculated">
    <Real min="0.0" nominal="1.250102626409427e-10" unit="m3/(Pa.s)"/>
  </ScalarVariable>
  <!-- Index of variable = "53" -->
  <ScalarVariable
    name="filterResistance.Resistance"
    valueReference="52"
    description="Hydraulic conductance if useConductanceInput=false"
    variability="fixed"
    causality="calculatedParameter"
    initial="calculated">
    <Real min="0.0" nominal="7999343244.900001" unit="(Pa.s)/m3"/>
  </ScalarVariable>
  <!-- Index of variable = "54" -->
  <ScalarVariable
    name="g"
    valueReference="53"
    description="gravitational acceleration"
    variability="fixed"
    causality="parameter"
    initial="exact">
    <Real start="9.800000000000001" nominal="1.0" unit="m/s2"/>
  </ScalarVariable>
  <!-- Index of variable = "55" -->
  <ScalarVariable
    name="idealValve1.Pknee"
    valueReference="54"
    description="Forward threshold pressure"
    variability="fixed"
    causality="parameter"
    initial="exact">
    <Real start="0.0" min="0.0" nominal="133.322387415" unit="Pa"/>
  </ScalarVariable>
  <!-- Index of variable = "56" -->
  <ScalarVariable
    name="idealValve1._Goff"
    valueReference="55"
    description="Backward state-off conductance (closed valve conductance)"
    variability="fixed"
    causality="parameter"
    initial="exact">
    <Real start="1.2501e-21" min="0.0" nominal="1.250102626409427e-10" unit="m3/(Pa.s)"/>
  </ScalarVariable>
  <!-- Index of variable = "57" -->
  <ScalarVariable
    name="idealValve1._Gon"
    valueReference="56"
    description="Forward state-on conductance (open valve conductance)"
    variability="fixed"
    causality="parameter"
    initial="exact">
    <Real start="0.012501026264094" min="0.0" nominal="1.250102626409427e-10" unit="m3/(Pa.s)"/>
  </ScalarVariable>
  <!-- Index of variable = "58" -->
  <ScalarVariable
    name="nephronPar.ADH"
    valueReference="57"
    description="antidiuretic hormone (vosopresin) should be in range [0,1], 
    //      transformation to match urine osmolarity = 650 at ADH_mod = 0.5"
    variability="fixed"
    causality="calculatedParameter"
    initial="calculated">
    <Real/>
  </ScalarVariable>
  <!-- Index of variable = "59" -->
  <ScalarVariable
    name="nephronPar.ADH_high"
    valueReference="58"
    description="maximal ADH"
    variability="fixed"
    causality="calculatedParameter"
    initial="calculated">
    <Real/>
  </ScalarVariable>
  <!-- Index of variable = "60" -->
  <ScalarVariable
    name="nephronPar.ADH_low"
    valueReference="59"
    description="minimal ADH"
    variability="fixed"
    causality="calculatedParameter"
    initial="calculated">
    <Real/>
  </ScalarVariable>
  <!-- Index of variable = "61" -->
  <ScalarVariable
    name="nephronPar.ADH_mod"
    valueReference="60"
    description="ADH controll [0,1]"
    variability="fixed"
    causality="parameter"
    initial="exact">
    <Real start="0.5"/>
  </ScalarVariable>
  <!-- Index of variable = "62" -->
  <ScalarVariable
    name="nephronPar.ADH_normal"
    valueReference="61"
    description="normal ADH"
    variability="fixed"
    causality="calculatedParameter"
    initial="calculated">
    <Real/>
  </ScalarVariable>
  <!-- Index of variable = "63" -->
  <ScalarVariable
    name="nephronPar.ADH_real"
    valueReference="62"
    description="ADH in real units pg/l"
    variability="fixed"
    causality="calculatedParameter"
    initial="calculated">
    <Real/>
  </ScalarVariable>
  <!-- Index of variable = "64" -->
  <ScalarVariable
    name="nephronPar.GFR1_norm"
    valueReference="63"
    description="GFR per nephron"
    variability="fixed"
    causality="calculatedParameter"
    initial="calculated">
    <Real nominal="1.666666666666667e-08" unit="m3/s"/>
  </ScalarVariable>
  <!-- Index of variable = "65" -->
  <ScalarVariable
    name="nephronPar.GFR_norm"
    valueReference="64"
    description="[l/day] total GFR"
    variability="fixed"
    causality="parameter"
    initial="exact">
    <Real start="180.0"/>
  </ScalarVariable>
  <!-- Index of variable = "66" -->
  <ScalarVariable
    name="nephronPar.a"
    valueReference="65"
    variability="fixed"
    causality="calculatedParameter"
    initial="calculated">
    <Real/>
  </ScalarVariable>
  <!-- Index of variable = "67" -->
  <ScalarVariable
    name="nephronPar.b"
    valueReference="66"
    variability="fixed"
    causality="calculatedParameter"
    initial="calculated">
    <Real/>
  </ScalarVariable>
  <!-- Index of variable = "68" -->
  <ScalarVariable
    name="nephronPar.c"
    valueReference="67"
    description="constant to calculate ADH_real"
    variability="fixed"
    causality="calculatedParameter"
    initial="calculated">
    <Real/>
  </ScalarVariable>
  <!-- Index of variable = "69" -->
  <ScalarVariable
    name="nephronPar.d"
    valueReference="68"
    description="constant to calculate ADH_real"
    variability="fixed"
    causality="calculatedParameter"
    initial="calculated">
    <Real/>
  </ScalarVariable>
  <!-- Index of variable = "70" -->
  <ScalarVariable
    name="nephronPar.e"
    valueReference="69"
    description="constant to calculate ADH_real"
    variability="fixed"
    causality="calculatedParameter"
    initial="calculated">
    <Real/>
  </ScalarVariable>
  <!-- Index of variable = "71" -->
  <ScalarVariable
    name="nephronPar.o_dt_norm"
    valueReference="70"
    description="normal osmolarity in distal tubule"
    variability="fixed"
    causality="parameter"
    initial="exact">
    <Real start="100.0" min="0.0" unit="mol/m3"/>
  </ScalarVariable>
  <!-- Index of variable = "72" -->
  <ScalarVariable
    name="nephronPar.o_max"
    valueReference="71"
    description="maximal osmolarity in medulla"
    variability="fixed"
    causality="parameter"
    initial="exact">
    <Real start="1200.0" min="0.0" unit="mol/m3"/>
  </ScalarVariable>
  <!-- Index of variable = "73" -->
  <ScalarVariable
    name="nephronPar.o_plasma_norm"
    valueReference="72"
    description="normal plasma concentration"
    variability="fixed"
    causality="parameter"
    initial="exact">
    <Real start="300.0" min="0.0" unit="mol/m3"/>
  </ScalarVariable>
  <!-- Index of variable = "74" -->
  <ScalarVariable
    name="osmoticBlood.dP"
    valueReference="73"
    description="pressure difference"
    variability="fixed"
    causality="calculatedParameter"
    initial="calculated">
    <Real unit="Pa"/>
  </ScalarVariable>
  <!-- Index of variable = "75" -->
  <ScalarVariable
    name="pi_blood"
    valueReference="74"
    description="oncotic pressure of blood, papír od HŽ, 28 v en.wikipedia.org/wiki/Oncotic_pressure"
    variability="fixed"
    causality="parameter"
    initial="exact">
    <Real start="3999.67162245" nominal="133.322387415" unit="Pa"/>
  </ScalarVariable>
  <!-- Index of variable = "76" -->
  <ScalarVariable
    name="pi_bowm"
    valueReference="75"
    description="Oncotic pressure of primary urine, říkal Honza Živný"
    variability="fixed"
    causality="parameter"
    initial="exact">
    <Real start="0.0" nominal="133.322387415" unit="Pa"/>
  </ScalarVariable>
  <!-- Index of variable = "77" -->
  <ScalarVariable
    name="pressureD1.dP"
    valueReference="76"
    description="pressure difference"
    variability="fixed"
    causality="calculatedParameter"
    initial="calculated">
    <Real unit="Pa"/>
  </ScalarVariable>
  <!-- Index of variable = "78" -->
  <ScalarVariable
    name="renalArteryResistance.Conductance"
    valueReference="77"
    description="Hydraulic conductance if useConductanceInput=false"
    variability="fixed"
    causality="calculatedParameter"
    initial="calculated">
    <Real min="0.0" nominal="1.250102626409427e-10" unit="m3/(Pa.s)"/>
  </ScalarVariable>
  <!-- Index of variable = "79" -->
  <ScalarVariable
    name="renalArteryResistance.Resistance"
    valueReference="78"
    description="Hydraulic conductance if useConductanceInput=false"
    variability="fixed"
    causality="calculatedParameter"
    initial="calculated">
    <Real min="0.0" nominal="7999343244.900001" unit="(Pa.s)/m3"/>
  </ScalarVariable>
  <!-- Index of variable = "80" -->
  <ScalarVariable
    name="rho"
    valueReference="79"
    description="blood density"
    variability="fixed"
    causality="parameter"
    initial="exact">
    <Real start="1060.0" min="0.0" nominal="1000.0" unit="kg/m3"/>
  </ScalarVariable>
  <!-- Index of variable = "81" -->
  <ScalarVariable
    name="urineDrain.P"
    valueReference="80"
    description="Hydraulic pressure if usePressureInput=false"
    variability="fixed"
    causality="calculatedParameter"
    initial="calculated">
    <Real nominal="133.322387415" unit="Pa"/>
  </ScalarVariable>
  <!-- Index of variable = "82" -->
  <ScalarVariable
    name="vasaRectaResistance.Conductance"
    valueReference="81"
    description="Hydraulic conductance if useConductanceInput=false"
    variability="fixed"
    causality="calculatedParameter"
    initial="calculated">
    <Real min="0.0" nominal="1.250102626409427e-10" unit="m3/(Pa.s)"/>
  </ScalarVariable>
  <!-- Index of variable = "83" -->
  <ScalarVariable
    name="vasaRectaResistance.Resistance"
    valueReference="82"
    description="Hydraulic conductance if useConductanceInput=false"
    variability="fixed"
    causality="calculatedParameter"
    initial="calculated">
    <Real min="0.0" nominal="7999343244.900001" unit="(Pa.s)/m3"/>
  </ScalarVariable>
  <!-- Index of variable = "84" -->
  <ScalarVariable
    name="GBHP.q_in.pressure"
    valueReference="0"
    description="Pressure"
    variability="continuous"
    causality="local"
    >
    <Real nominal="133.322387415" unit="Pa"/>
  </ScalarVariable>
  <!-- Index of variable = "85" -->
  <ScalarVariable
    name="afferentResistance.c"
    valueReference="45"
    variability="continuous"
    causality="local"
    >
    <Real min="0.0" nominal="1.250102626409427e-10" unit="m3/(Pa.s)"/>
  </ScalarVariable>
  <!-- Index of variable = "86" -->
  <ScalarVariable
    name="afferentResistance.q_in.pressure"
    valueReference="12"
    description="Pressure"
    variability="continuous"
    causality="local"
    >
    <Real nominal="133.322387415" unit="Pa"/>
  </ScalarVariable>
  <!-- Index of variable = "87" -->
  <ScalarVariable
    name="afferentResistance.q_in.q"
    valueReference="21"
    description="Volume flow"
    variability="continuous"
    causality="local"
    >
    <Real nominal="1.666666666666667e-08" unit="m3/s"/>
  </ScalarVariable>
  <!-- Index of variable = "88" -->
  <ScalarVariable
    name="afferentResistance.q_out.pressure"
    valueReference="0"
    description="Pressure"
    variability="continuous"
    causality="local"
    >
    <Real nominal="133.322387415" unit="Pa"/>
  </ScalarVariable>
  <!-- Index of variable = "89" -->
  <ScalarVariable
    name="afferentResistance.q_out.q"
    valueReference="88"
    description="Volume flow"
    variability="continuous"
    causality="local"
    initial="calculated">
    <Real nominal="1.666666666666667e-08" unit="m3/s"/>
  </ScalarVariable>
  <!-- Index of variable = "90" -->
  <ScalarVariable
    name="afferentResistance.volumeFlowRate"
    valueReference="21"
    description="Volumetric flow"
    variability="continuous"
    causality="local"
    >
    <Real nominal="1.666666666666667e-08" unit="m3/s"/>
  </ScalarVariable>
  <!-- Index of variable = "91" -->
  <ScalarVariable
    name="bloodDrain.p"
    valueReference="47"
    variability="continuous"
    causality="local"
    >
    <Real nominal="133.322387415" unit="Pa"/>
  </ScalarVariable>
  <!-- Index of variable = "92" -->
  <ScalarVariable
    name="bloodDrain.y.pressure"
    valueReference="47"
    description="Pressure"
    variability="continuous"
    causality="local"
    >
    <Real nominal="133.322387415" unit="Pa"/>
  </ScalarVariable>
  <!-- Index of variable = "93" -->
  <ScalarVariable
    name="bloodDrain.y.q"
    valueReference="4"
    description="Volume flow"
    variability="continuous"
    causality="local"
    >
    <Real nominal="1.666666666666667e-08" unit="m3/s"/>
  </ScalarVariable>
  <!-- Index of variable = "94" -->
  <ScalarVariable
    name="bloodSource.p"
    valueReference="48"
    variability="continuous"
    causality="local"
    >
    <Real nominal="133.322387415" unit="Pa"/>
  </ScalarVariable>
  <!-- Index of variable = "95" -->
  <ScalarVariable
    name="bloodSource.y.pressure"
    valueReference="48"
    description="Pressure"
    variability="continuous"
    causality="local"
    >
    <Real nominal="133.322387415" unit="Pa"/>
  </ScalarVariable>
  <!-- Index of variable = "96" -->
  <ScalarVariable
    name="bloodSource.y.q"
    valueReference="95"
    description="Volume flow"
    variability="continuous"
    causality="local"
    initial="calculated">
    <Real nominal="1.666666666666667e-08" unit="m3/s"/>
  </ScalarVariable>
  <!-- Index of variable = "97" -->
  <ScalarVariable
    name="efferentResistance.c"
    valueReference="49"
    variability="continuous"
    causality="local"
    >
    <Real min="0.0" nominal="1.250102626409427e-10" unit="m3/(Pa.s)"/>
  </ScalarVariable>
  <!-- Index of variable = "98" -->
  <ScalarVariable
    name="efferentResistance.q_in.pressure"
    valueReference="0"
    description="Pressure"
    variability="continuous"
    causality="local"
    >
    <Real nominal="133.322387415" unit="Pa"/>
  </ScalarVariable>
  <!-- Index of variable = "99" -->
  <ScalarVariable
    name="efferentResistance.q_in.q"
    valueReference="4"
    description="Volume flow"
    variability="continuous"
    causality="local"
    >
    <Real nominal="1.666666666666667e-08" unit="m3/s"/>
  </ScalarVariable>
  <!-- Index of variable = "100" -->
  <ScalarVariable
    name="efferentResistance.q_out.pressure"
    valueReference="15"
    description="Pressure"
    variability="continuous"
    causality="local"
    >
    <Real nominal="133.322387415" unit="Pa"/>
  </ScalarVariable>
  <!-- Index of variable = "101" -->
  <ScalarVariable
    name="efferentResistance.q_out.q"
    valueReference="100"
    description="Volume flow"
    variability="continuous"
    causality="local"
    initial="calculated">
    <Real nominal="1.666666666666667e-08" unit="m3/s"/>
  </ScalarVariable>
  <!-- Index of variable = "102" -->
  <ScalarVariable
    name="filterResistance.c"
    valueReference="51"
    variability="continuous"
    causality="local"
    >
    <Real min="0.0" nominal="1.250102626409427e-10" unit="m3/(Pa.s)"/>
  </ScalarVariable>
  <!-- Index of variable = "103" -->
  <ScalarVariable
    name="filterResistance.q_in.q"
    valueReference="8"
    description="Volume flow"
    variability="continuous"
    causality="local"
    >
    <Real nominal="1.666666666666667e-08" unit="m3/s"/>
  </ScalarVariable>
  <!-- Index of variable = "104" -->
  <ScalarVariable
    name="filterResistance.q_out.q"
    valueReference="103"
    description="Volume flow"
    variability="continuous"
    causality="local"
    initial="calculated">
    <Real nominal="1.666666666666667e-08" unit="m3/s"/>
  </ScalarVariable>
  <!-- Index of variable = "105" -->
  <ScalarVariable
    name="idealValve1.goff"
    valueReference="55"
    variability="continuous"
    causality="local"
    >
    <Real min="0.0" nominal="1.250102626409427e-10" unit="m3/(Pa.s)"/>
  </ScalarVariable>
  <!-- Index of variable = "106" -->
  <ScalarVariable
    name="idealValve1.gon"
    valueReference="56"
    variability="continuous"
    causality="local"
    >
    <Real min="0.0" nominal="1.250102626409427e-10" unit="m3/(Pa.s)"/>
  </ScalarVariable>
  <!-- Index of variable = "107" -->
  <ScalarVariable
    name="idealValve1.q_in.pressure"
    valueReference="7"
    description="Pressure"
    variability="continuous"
    causality="local"
    >
    <Real nominal="133.322387415" unit="Pa"/>
  </ScalarVariable>
  <!-- Index of variable = "108" -->
  <ScalarVariable
    name="idealValve1.q_in.q"
    valueReference="8"
    description="Volume flow"
    variability="continuous"
    causality="local"
    >
    <Real nominal="1.666666666666667e-08" unit="m3/s"/>
  </ScalarVariable>
  <!-- Index of variable = "109" -->
  <ScalarVariable
    name="idealValve1.q_out.pressure"
    valueReference="18"
    description="Pressure"
    variability="continuous"
    causality="local"
    >
    <Real nominal="133.322387415" unit="Pa"/>
  </ScalarVariable>
  <!-- Index of variable = "110" -->
  <ScalarVariable
    name="idealValve1.q_out.q"
    valueReference="109"
    description="Volume flow"
    variability="continuous"
    causality="local"
    initial="calculated">
    <Real nominal="1.666666666666667e-08" unit="m3/s"/>
  </ScalarVariable>
  <!-- Index of variable = "111" -->
  <ScalarVariable
    name="idealValve1.volumeFlowRate"
    valueReference="8"
    description="Volumetric flow"
    variability="continuous"
    causality="local"
    >
    <Real nominal="1.666666666666667e-08" unit="m3/s"/>
  </ScalarVariable>
  <!-- Index of variable = "112" -->
  <ScalarVariable
    name="measureAff.q_in.pressure"
    valueReference="12"
    description="Pressure"
    variability="continuous"
    causality="local"
    >
    <Real nominal="133.322387415" unit="Pa"/>
  </ScalarVariable>
  <!-- Index of variable = "113" -->
  <ScalarVariable
    name="measureAff.q_in.q"
    valueReference="21"
    description="Volume flow"
    variability="continuous"
    causality="local"
    >
    <Real nominal="1.666666666666667e-08" unit="m3/s"/>
  </ScalarVariable>
  <!-- Index of variable = "114" -->
  <ScalarVariable
    name="measureAff.q_out.pressure"
    valueReference="12"
    description="Pressure"
    variability="continuous"
    causality="local"
    >
    <Real nominal="133.322387415" unit="Pa"/>
  </ScalarVariable>
  <!-- Index of variable = "115" -->
  <ScalarVariable
    name="measureAff.q_out.q"
    valueReference="114"
    description="Volume flow"
    variability="continuous"
    causality="local"
    initial="calculated">
    <Real nominal="1.666666666666667e-08" unit="m3/s"/>
  </ScalarVariable>
  <!-- Index of variable = "116" -->
  <ScalarVariable
    name="measureAff.volumeFlow"
    valueReference="21"
    description="Actual volume flow rate"
    variability="continuous"
    causality="local"
    >
    <Real nominal="1.666666666666667e-08" unit="m3/s"/>
  </ScalarVariable>
  <!-- Index of variable = "117" -->
  <ScalarVariable
    name="measureAff.volumeFlowRate"
    valueReference="21"
    description="Volumetric flow"
    variability="continuous"
    causality="local"
    >
    <Real nominal="1.666666666666667e-08" unit="m3/s"/>
  </ScalarVariable>
  <!-- Index of variable = "118" -->
  <ScalarVariable
    name="measureEff.q_in.pressure"
    valueReference="15"
    description="Pressure"
    variability="continuous"
    causality="local"
    >
    <Real nominal="133.322387415" unit="Pa"/>
  </ScalarVariable>
  <!-- Index of variable = "119" -->
  <ScalarVariable
    name="measureEff.q_in.q"
    valueReference="4"
    description="Volume flow"
    variability="continuous"
    causality="local"
    >
    <Real nominal="1.666666666666667e-08" unit="m3/s"/>
  </ScalarVariable>
  <!-- Index of variable = "120" -->
  <ScalarVariable
    name="measureEff.q_out.pressure"
    valueReference="15"
    description="Pressure"
    variability="continuous"
    causality="local"
    >
    <Real nominal="133.322387415" unit="Pa"/>
  </ScalarVariable>
  <!-- Index of variable = "121" -->
  <ScalarVariable
    name="measureEff.q_out.q"
    valueReference="120"
    description="Volume flow"
    variability="continuous"
    causality="local"
    initial="calculated">
    <Real nominal="1.666666666666667e-08" unit="m3/s"/>
  </ScalarVariable>
  <!-- Index of variable = "122" -->
  <ScalarVariable
    name="measureEff.volumeFlow"
    valueReference="4"
    description="Actual volume flow rate"
    variability="continuous"
    causality="local"
    >
    <Real nominal="1.666666666666667e-08" unit="m3/s"/>
  </ScalarVariable>
  <!-- Index of variable = "123" -->
  <ScalarVariable
    name="measureEff.volumeFlowRate"
    valueReference="4"
    description="Volumetric flow"
    variability="continuous"
    causality="local"
    >
    <Real nominal="1.666666666666667e-08" unit="m3/s"/>
  </ScalarVariable>
  <!-- Index of variable = "124" -->
  <ScalarVariable
    name="measureGFR.q_in.pressure"
    valueReference="18"
    description="Pressure"
    variability="continuous"
    causality="local"
    >
    <Real nominal="133.322387415" unit="Pa"/>
  </ScalarVariable>
  <!-- Index of variable = "125" -->
  <ScalarVariable
    name="measureGFR.q_in.q"
    valueReference="8"
    description="Volume flow"
    variability="continuous"
    causality="local"
    >
    <Real nominal="1.666666666666667e-08" unit="m3/s"/>
  </ScalarVariable>
  <!-- Index of variable = "126" -->
  <ScalarVariable
    name="measureGFR.q_out.pressure"
    valueReference="18"
    description="Pressure"
    variability="continuous"
    causality="local"
    >
    <Real nominal="133.322387415" unit="Pa"/>
  </ScalarVariable>
  <!-- Index of variable = "127" -->
  <ScalarVariable
    name="measureGFR.q_out.q"
    valueReference="126"
    description="Volume flow"
    variability="continuous"
    causality="local"
    initial="calculated">
    <Real nominal="1.666666666666667e-08" unit="m3/s"/>
  </ScalarVariable>
  <!-- Index of variable = "128" -->
  <ScalarVariable
    name="measureGFR.volumeFlow"
    valueReference="8"
    description="Actual volume flow rate"
    variability="continuous"
    causality="local"
    >
    <Real nominal="1.666666666666667e-08" unit="m3/s"/>
  </ScalarVariable>
  <!-- Index of variable = "129" -->
  <ScalarVariable
    name="measureGFR.volumeFlowRate"
    valueReference="8"
    description="Volumetric flow"
    variability="continuous"
    causality="local"
    >
    <Real nominal="1.666666666666667e-08" unit="m3/s"/>
  </ScalarVariable>
  <!-- Index of variable = "130" -->
  <ScalarVariable
    name="osmoticBlood.port_a.pressure"
    valueReference="0"
    description="Pressure"
    variability="continuous"
    causality="local"
    >
    <Real nominal="133.322387415" unit="Pa"/>
  </ScalarVariable>
  <!-- Index of variable = "131" -->
  <ScalarVariable
    name="osmoticBlood.port_a.q"
    valueReference="8"
    description="Volume flow"
    variability="continuous"
    causality="local"
    >
    <Real nominal="1.666666666666667e-08" unit="m3/s"/>
  </ScalarVariable>
  <!-- Index of variable = "132" -->
  <ScalarVariable
    name="osmoticBlood.port_b.pressure"
    valueReference="6"
    description="Pressure"
    variability="continuous"
    causality="local"
    >
    <Real nominal="133.322387415" unit="Pa"/>
  </ScalarVariable>
  <!-- Index of variable = "133" -->
  <ScalarVariable
    name="osmoticBlood.port_b.q"
    valueReference="132"
    description="Volume flow"
    variability="continuous"
    causality="local"
    initial="calculated">
    <Real nominal="1.666666666666667e-08" unit="m3/s"/>
  </ScalarVariable>
  <!-- Index of variable = "134" -->
  <ScalarVariable
    name="pressureD1.port_a.pressure"
    valueReference="80"
    description="Pressure"
    variability="continuous"
    causality="local"
    >
    <Real nominal="133.322387415" unit="Pa"/>
  </ScalarVariable>
  <!-- Index of variable = "135" -->
  <ScalarVariable
    name="pressureD1.port_a.q"
    valueReference="134"
    description="Volume flow"
    variability="continuous"
    causality="local"
    initial="calculated">
    <Real nominal="1.666666666666667e-08" unit="m3/s"/>
  </ScalarVariable>
  <!-- Index of variable = "136" -->
  <ScalarVariable
    name="pressureD1.port_b.pressure"
    valueReference="18"
    description="Pressure"
    variability="continuous"
    causality="local"
    >
    <Real nominal="133.322387415" unit="Pa"/>
  </ScalarVariable>
  <!-- Index of variable = "137" -->
  <ScalarVariable
    name="pressureD1.port_b.q"
    valueReference="8"
    description="Volume flow"
    variability="continuous"
    causality="local"
    >
    <Real nominal="1.666666666666667e-08" unit="m3/s"/>
  </ScalarVariable>
  <!-- Index of variable = "138" -->
  <ScalarVariable
    name="renalArteryResistance.c"
    valueReference="77"
    variability="continuous"
    causality="local"
    >
    <Real min="0.0" nominal="1.250102626409427e-10" unit="m3/(Pa.s)"/>
  </ScalarVariable>
  <!-- Index of variable = "139" -->
  <ScalarVariable
    name="renalArteryResistance.q_in.pressure"
    valueReference="48"
    description="Pressure"
    variability="continuous"
    causality="local"
    >
    <Real nominal="133.322387415" unit="Pa"/>
  </ScalarVariable>
  <!-- Index of variable = "140" -->
  <ScalarVariable
    name="renalArteryResistance.q_in.q"
    valueReference="21"
    description="Volume flow"
    variability="continuous"
    causality="local"
    >
    <Real nominal="1.666666666666667e-08" unit="m3/s"/>
  </ScalarVariable>
  <!-- Index of variable = "141" -->
  <ScalarVariable
    name="renalArteryResistance.q_out.pressure"
    valueReference="12"
    description="Pressure"
    variability="continuous"
    causality="local"
    >
    <Real nominal="133.322387415" unit="Pa"/>
  </ScalarVariable>
  <!-- Index of variable = "142" -->
  <ScalarVariable
    name="renalArteryResistance.q_out.q"
    valueReference="141"
    description="Volume flow"
    variability="continuous"
    causality="local"
    initial="calculated">
    <Real nominal="1.666666666666667e-08" unit="m3/s"/>
  </ScalarVariable>
  <!-- Index of variable = "143" -->
  <ScalarVariable
    name="urineDrain.p"
    valueReference="80"
    variability="continuous"
    causality="local"
    >
    <Real nominal="133.322387415" unit="Pa"/>
  </ScalarVariable>
  <!-- Index of variable = "144" -->
  <ScalarVariable
    name="urineDrain.y.pressure"
    valueReference="80"
    description="Pressure"
    variability="continuous"
    causality="local"
    >
    <Real nominal="133.322387415" unit="Pa"/>
  </ScalarVariable>
  <!-- Index of variable = "145" -->
  <ScalarVariable
    name="urineDrain.y.q"
    valueReference="8"
    description="Volume flow"
    variability="continuous"
    causality="local"
    >
    <Real nominal="1.666666666666667e-08" unit="m3/s"/>
  </ScalarVariable>
  <!-- Index of variable = "146" -->
  <ScalarVariable
    name="vasaRectaResistance.c"
    valueReference="81"
    variability="continuous"
    causality="local"
    >
    <Real min="0.0" nominal="1.250102626409427e-10" unit="m3/(Pa.s)"/>
  </ScalarVariable>
  <!-- Index of variable = "147" -->
  <ScalarVariable
    name="vasaRectaResistance.q_in.pressure"
    valueReference="15"
    description="Pressure"
    variability="continuous"
    causality="local"
    >
    <Real nominal="133.322387415" unit="Pa"/>
  </ScalarVariable>
  <!-- Index of variable = "148" -->
  <ScalarVariable
    name="vasaRectaResistance.q_in.q"
    valueReference="4"
    description="Volume flow"
    variability="continuous"
    causality="local"
    >
    <Real nominal="1.666666666666667e-08" unit="m3/s"/>
  </ScalarVariable>
  <!-- Index of variable = "149" -->
  <ScalarVariable
    name="vasaRectaResistance.q_out.pressure"
    valueReference="47"
    description="Pressure"
    variability="continuous"
    causality="local"
    >
    <Real nominal="133.322387415" unit="Pa"/>
  </ScalarVariable>
  <!-- Index of variable = "150" -->
  <ScalarVariable
    name="vasaRectaResistance.q_out.q"
    valueReference="149"
    description="Volume flow"
    variability="continuous"
    causality="local"
    initial="calculated">
    <Real nominal="1.666666666666667e-08" unit="m3/s"/>
  </ScalarVariable>
  <!-- Index of variable = "151" -->
  <ScalarVariable
    name="vasaRectaResistance.volumeFlowRate"
    valueReference="4"
    description="Volumetric flow"
    variability="continuous"
    causality="local"
    >
    <Real nominal="1.666666666666667e-08" unit="m3/s"/>
  </ScalarVariable>
  <!-- Index of variable = "152" -->
  <ScalarVariable
    name="N"
    valueReference="0"
    description="Number of nephrones in both kidneys"
    variability="fixed"
    causality="parameter"
    initial="exact">
    <Integer start="2000000"/>
  </ScalarVariable>
  <!-- Index of variable = "153" -->
  <ScalarVariable
    name="bloodDrain.Simulation"
    valueReference="1"
    description="If in equilibrium, then zero-flow equation is added."
    variability="fixed"
    causality="calculatedParameter"
    initial="calculated">
    <Enumeration declaredType="Physiolibrary.Types.SimulationType"/>
  </ScalarVariable>
  <!-- Index of variable = "154" -->
  <ScalarVariable
    name="bloodSource.Simulation"
    valueReference="2"
    description="If in equilibrium, then zero-flow equation is added."
    variability="fixed"
    causality="calculatedParameter"
    initial="calculated">
    <Enumeration declaredType="Physiolibrary.Types.SimulationType"/>
  </ScalarVariable>
  <!-- Index of variable = "155" -->
  <ScalarVariable
    name="nephronPar.NNeph"
    valueReference="3"
    description="total nephron count"
    variability="fixed"
    causality="parameter"
    initial="exact">
    <Integer start="2000000"/>
  </ScalarVariable>
  <!-- Index of variable = "156" -->
  <ScalarVariable
    name="urineDrain.Simulation"
    valueReference="4"
    description="If in equilibrium, then zero-flow equation is added."
    variability="fixed"
    causality="calculatedParameter"
    initial="calculated">
    <Enumeration declaredType="Physiolibrary.Types.SimulationType"/>
  </ScalarVariable>
  <!-- Index of variable = "157" -->
  <ScalarVariable
    name="idealValve1.open"
    valueReference="0"
    description="Switching state"
    variability="discrete"
    causality="local"
    initial="exact">
    <Boolean start="true"/>
  </ScalarVariable>
  <!-- Index of variable = "158" -->
  <ScalarVariable
    name="afferentResistance.useConductanceInput"
    valueReference="1"
    description="=true, if external conductance value is used"
    variability="fixed"
    causality="calculatedParameter"
    initial="calculated">
    <Boolean/>
  </ScalarVariable>
  <!-- Index of variable = "159" -->
  <ScalarVariable
    name="bloodDrain.isIsolatedInSteadyState"
    valueReference="2"
    description="=true, if there is no flow at port in steady state"
    variability="fixed"
    causality="calculatedParameter"
    initial="calculated">
    <Boolean/>
  </ScalarVariable>
  <!-- Index of variable = "160" -->
  <ScalarVariable
    name="bloodDrain.usePressureInput"
    valueReference="3"
    description="=true, if pressure input is used"
    variability="fixed"
    causality="calculatedParameter"
    initial="calculated">
    <Boolean/>
  </ScalarVariable>
  <!-- Index of variable = "161" -->
  <ScalarVariable
    name="bloodSource.isIsolatedInSteadyState"
    valueReference="4"
    description="=true, if there is no flow at port in steady state"
    variability="fixed"
    causality="calculatedParameter"
    initial="calculated">
    <Boolean/>
  </ScalarVariable>
  <!-- Index of variable = "162" -->
  <ScalarVariable
    name="bloodSource.usePressureInput"
    valueReference="5"
    description="=true, if pressure input is used"
    variability="fixed"
    causality="calculatedParameter"
    initial="calculated">
    <Boolean/>
  </ScalarVariable>
  <!-- Index of variable = "163" -->
  <ScalarVariable
    name="efferentResistance.useConductanceInput"
    valueReference="6"
    description="=true, if external conductance value is used"
    variability="fixed"
    causality="calculatedParameter"
    initial="calculated">
    <Boolean/>
  </ScalarVariable>
  <!-- Index of variable = "164" -->
  <ScalarVariable
    name="filterResistance.useConductanceInput"
    valueReference="7"
    description="=true, if external conductance value is used"
    variability="fixed"
    causality="calculatedParameter"
    initial="calculated">
    <Boolean/>
  </ScalarVariable>
  <!-- Index of variable = "165" -->
  <ScalarVariable
    name="idealValve1.useLimitationInputs"
    valueReference="8"
    description="=true, if Gon and Goff are from inputs"
    variability="fixed"
    causality="calculatedParameter"
    initial="calculated">
    <Boolean/>
  </ScalarVariable>
  <!-- Index of variable = "166" -->
  <ScalarVariable
    name="renalArteryResistance.useConductanceInput"
    valueReference="9"
    description="=true, if external conductance value is used"
    variability="fixed"
    causality="calculatedParameter"
    initial="calculated">
    <Boolean/>
  </ScalarVariable>
  <!-- Index of variable = "167" -->
  <ScalarVariable
    name="urineDrain.isIsolatedInSteadyState"
    valueReference="10"
    description="=true, if there is no flow at port in steady state"
    variability="fixed"
    causality="calculatedParameter"
    initial="calculated">
    <Boolean/>
  </ScalarVariable>
  <!-- Index of variable = "168" -->
  <ScalarVariable
    name="urineDrain.usePressureInput"
    valueReference="11"
    description="=true, if pressure input is used"
    variability="fixed"
    causality="calculatedParameter"
    initial="calculated">
    <Boolean/>
  </ScalarVariable>
  <!-- Index of variable = "169" -->
  <ScalarVariable
    name="vasaRectaResistance.useConductanceInput"
    valueReference="12"
    description="=true, if external conductance value is used"
    variability="fixed"
    causality="calculatedParameter"
    initial="calculated">
    <Boolean/>
  </ScalarVariable>
  </ModelVariables>
  <ModelStructure>
  </ModelStructure>
</fmiModelDescription>