<?xml version="1.0" encoding="UTF-8"?>
<fmiModelDescription
  xmlns:xsi="http://www.w3.org/2001/XMLSchema-instance"
  fmiVersion="2.0"
  modelName="NephronModelsGlomerulusColeman"
  guid="{f93185e8-8f80-4be7-91c4-292fea649add}"
  generationTool="Dymola Version 2019 FD01 Beta 2 (64-bit), 2018-09-12"
  generationDateAndTime="2019-04-10T12:41:29Z"
  variableNamingConvention="structured"
  numberOfEventIndicators="0">
  <ModelExchange
    modelIdentifier="NephronModelsGlomerulusColeman"
    canGetAndSetFMUstate="true"
    canSerializeFMUstate="true"
    providesDirectionalDerivative="true">
    <SourceFiles>
      <File
        name="all.c"/>
    </SourceFiles>
  </ModelExchange>
  <CoSimulation
    modelIdentifier="NephronModelsGlomerulusColeman"
    canHandleVariableCommunicationStepSize="true"
    canInterpolateInputs="true"
    maxOutputDerivativeOrder="1"
    canGetAndSetFMUstate="true"
    canSerializeFMUstate="true"
    providesDirectionalDerivative="true">
    <SourceFiles>
      <File
        name="all.c"/>
    </SourceFiles>
  </CoSimulation>
  <UnitDefinitions>
    <Unit
      name="1"/>
    <Unit
      name="Pa">
      <BaseUnit kg="1"
        m="-1"
        s="-2"/>
      <DisplayUnit
        name="Pa"/>
    </Unit>
    <Unit
      name="m3/(Pa.s)">
      <BaseUnit kg="-1"
        m="4"
        s="1"/>
      <DisplayUnit
        name="m3/(Pa.s)"/>
    </Unit>
    <Unit
      name="m3/s">
      <BaseUnit m="3"
        s="-1"/>
      <DisplayUnit
        name="ml/min"
        factor="60000000.0"/>
    </Unit>
  </UnitDefinitions>
  <TypeDefinitions>
    <SimpleType
      name="Modelica.Blocks.Interfaces.RealInput">
      <Real/>
    </SimpleType>
    <SimpleType
      name="Modelica.Blocks.Interfaces.RealOutput">
      <Real/>
    </SimpleType>
    <SimpleType
      name="Physiolibrary.Types.HydraulicConductance">
      <Real
        quantity="HydraulicConductance"
        unit="m3/(Pa.s)"
        min="0.0"
        nominal="1.250102626409427E-10"/>
    </SimpleType>
    <SimpleType
      name="Physiolibrary.Types.Pressure">
      <Real
        quantity="Pressure"
        unit="Pa"
        nominal="133.322387415"/>
    </SimpleType>
    <SimpleType
      name="Physiolibrary.Types.RealIO.PressureOutput">
      <Real
        quantity="Pressure"
        unit="Pa"
        nominal="133.322387415"/>
    </SimpleType>
    <SimpleType
      name="Physiolibrary.Types.RealIO.VolumeFlowRateOutput">
      <Real
        quantity="VolumeFlowRate"
        unit="m3/s"
        displayUnit="ml/min"
        nominal="1.6666666666666667E-08"/>
    </SimpleType>
    <SimpleType
      name="Physiolibrary.Types.VolumeFlowRate">
      <Real
        quantity="VolumeFlowRate"
        unit="m3/s"
        displayUnit="ml/min"
        nominal="1.6666666666666667E-08"/>
    </SimpleType>
    <SimpleType
      name="Physiolibrary.Types.SimulationType">
      <Enumeration>
        <Item name="NoInit"
          value="1"
          description="Use start values only as a guess of state values"/>
        <Item name="NormalInit"
          value="2"
          description="Initialization by start values"/>
        <Item name="ReadInit"
          value="3"
          description="Initialization by function Utilities.readReal(&#39;state name&#39;)"/>
        <Item name="InitSteadyState"
          value="4"
          description="Initialization in Steady State (initial derivations are zeros)"/>
        <Item name="SteadyState"
          value="5"
          description="Steady State = Derivations are zeros during simulation"/>
      </Enumeration>
    </SimpleType>
  </TypeDefinitions>
  <DefaultExperiment startTime="0.0"
    stopTime="1.0"
    tolerance="0.0001"/>
  <ModelVariables>
    <!-- Index for next variable = 1 -->
    <ScalarVariable
      name="cond2SI"
      valueReference="100663296"
      description="multiplier for conductance mL/min/mmHg-&gt;SI"
      variability="constant">
      <Real start="1.250102626409427E-10"/>
    </ScalarVariable>
    <!-- Index for next variable = 2 -->
    <ScalarVariable
      name="AP_mod"
      valueReference="16777216"
      causality="parameter"
      variability="fixed">
      <Real start="1"/>
    </ScalarVariable>
    <!-- Index for next variable = 3 -->
    <ScalarVariable
      name="AP"
      valueReference="100663297"
      description="arterial pressure"
      variability="fixed">
      <Real
        declaredType="Physiolibrary.Types.Pressure"/>
    </ScalarVariable>
    <!-- Index for next variable = 4 -->
    <ScalarVariable
      name="RAP"
      valueReference="100663298"
      description="renal artery pressure"
      variability="fixed">
      <Real
        declaredType="Physiolibrary.Types.Pressure"/>
    </ScalarVariable>
    <!-- Index for next variable = 5 -->
    <ScalarVariable
      name="Clamp"
      valueReference="16777217"
      description="Renal Artery Clamp"
      causality="parameter"
      variability="fixed">
      <Real
        declaredType="Physiolibrary.Types.Pressure"
        start="0"/>
    </ScalarVariable>
    <!-- Index for next variable = 6 -->
    <ScalarVariable
      name="DP"
      valueReference="100663299"
      description="diastolic pressure"
      variability="fixed">
      <Real
        declaredType="Physiolibrary.Types.Pressure"/>
    </ScalarVariable>
    <!-- Index for next variable = 7 -->
    <ScalarVariable
      name="SP"
      valueReference="100663300"
      description="systolic pressure"
      variability="fixed">
      <Real
        declaredType="Physiolibrary.Types.Pressure"/>
    </ScalarVariable>
    <!-- Index for next variable = 8 -->
    <ScalarVariable
      name="AffC"
      valueReference="100663301"
      description="afferent artery conductance"
      variability="fixed">
      <Real
        declaredType="Physiolibrary.Types.HydraulicConductance"/>
    </ScalarVariable>
    <!-- Index for next variable = 9 -->
    <ScalarVariable
      name="AffNorm"
      valueReference="100663302"
      description="afferent normal conducatance"
      variability="fixed">
      <Real
        declaredType="Physiolibrary.Types.HydraulicConductance"/>
    </ScalarVariable>
    <!-- Index for next variable = 10 -->
    <ScalarVariable
      name="AffMod"
      valueReference="16777218"
      description="afferent relative resistance"
      causality="parameter"
      variability="fixed">
      <Real
        unit="1"
        min="20.0"
        max="0.4444444444444444"
        start="1"/>
    </ScalarVariable>
    <!-- Index for next variable = 11 -->
    <ScalarVariable
      name="EffC"
      valueReference="100663303"
      description="efferent artery conductance"
      variability="fixed">
      <Real
        declaredType="Physiolibrary.Types.HydraulicConductance"/>
    </ScalarVariable>
    <!-- Index for next variable = 12 -->
    <ScalarVariable
      name="EffNorm"
      valueReference="100663304"
      description="efferent normal conducatance"
      variability="fixed">
      <Real
        declaredType="Physiolibrary.Types.HydraulicConductance"/>
    </ScalarVariable>
    <!-- Index for next variable = 13 -->
    <ScalarVariable
      name="EffMod"
      valueReference="16777219"
      description="efferent relative resistance"
      causality="parameter"
      variability="fixed">
      <Real
        unit="1"
        min="1.8518518518518516"
        max="0.6493506493506493"
        start="1"/>
    </ScalarVariable>
    <!-- Index for next variable = 14 -->
    <ScalarVariable
      name="VenC"
      valueReference="100663305"
      description="venous conductance"
      variability="constant">
      <Real
        declaredType="Physiolibrary.Types.HydraulicConductance"
        start="2.500205252818854E-08"/>
    </ScalarVariable>
    <!-- Index for next variable = 15 -->
    <ScalarVariable
      name="VP"
      valueReference="16777220"
      description="venous pressure"
      causality="parameter"
      variability="fixed">
      <Real
        declaredType="Physiolibrary.Types.Pressure"
        start="933.2567119050001"/>
    </ScalarVariable>
    <!-- Index for next variable = 16 -->
    <ScalarVariable
      name="KfNorm"
      valueReference="100663306"
      description="normal glomerular filtration coefficient"
      variability="fixed">
      <Real
        declaredType="Physiolibrary.Types.HydraulicConductance"/>
    </ScalarVariable>
    <!-- Index for next variable = 17 -->
    <ScalarVariable
      name="KfMod"
      valueReference="16777221"
      description="glomerular filtration coefficient modifier"
      causality="parameter"
      variability="fixed">
      <Real
        unit="1"
        start="1"/>
    </ScalarVariable>
    <!-- Index for next variable = 18 -->
    <ScalarVariable
      name="Kf"
      valueReference="100663307"
      description="glomerular filtration coefficient"
      variability="fixed">
      <Real
        declaredType="Physiolibrary.Types.HydraulicConductance"/>
    </ScalarVariable>
    <!-- Index for next variable = 19 -->
    <ScalarVariable
      name="TubC"
      valueReference="100663308"
      description="proximal tubule conductance"
      variability="fixed">
      <Real
        declaredType="Physiolibrary.Types.HydraulicConductance"/>
    </ScalarVariable>
    <!-- Index for next variable = 20 -->
    <ScalarVariable
      name="bloodSource.P"
      valueReference="100663310"
      description="Hydraulic pressure if usePressureInput=false"
      variability="fixed">
      <Real
        declaredType="Physiolibrary.Types.Pressure"
        displayUnit="Pa"/>
    </ScalarVariable>
    <!-- Index for next variable = 21 -->
    <ScalarVariable
      name="bloodSource.y.pressure"
      valueReference="100663310"
      description="Pressure">
      <Real
        declaredType="Physiolibrary.Types.Pressure"/>
    </ScalarVariable>
    <!-- Index for next variable = 22 -->
    <ScalarVariable
      name="bloodSource.y.q"
      valueReference="100663311"
      description="Volume flow"
      variability="fixed">
      <Real
        declaredType="Physiolibrary.Types.VolumeFlowRate"/>
    </ScalarVariable>
    <!-- Index for next variable = 23 -->
    <ScalarVariable
      name="bloodSource.isIsolatedInSteadyState"
      valueReference="100663312"
      description="=true, if there is no flow at port in steady state"
      variability="constant">
      <Boolean start="true"/>
    </ScalarVariable>
    <!-- Index for next variable = 24 -->
    <ScalarVariable
      name="bloodSource.Simulation"
      valueReference="100663313"
      description="If in equilibrium, then zero-flow equation is added."
      variability="constant">
      <Enumeration
        declaredType="Physiolibrary.Types.SimulationType"
        start="2"/>
    </ScalarVariable>
    <!-- Index for next variable = 25 -->
    <ScalarVariable
      name="bloodDrain.P"
      valueReference="100663315"
      description="Hydraulic pressure if usePressureInput=false"
      variability="fixed">
      <Real
        declaredType="Physiolibrary.Types.Pressure"
        displayUnit="Pa"/>
    </ScalarVariable>
    <!-- Index for next variable = 26 -->
    <ScalarVariable
      name="bloodDrain.y.pressure"
      valueReference="100663315"
      description="Pressure">
      <Real
        declaredType="Physiolibrary.Types.Pressure"/>
    </ScalarVariable>
    <!-- Index for next variable = 27 -->
    <ScalarVariable
      name="bloodDrain.y.q"
      valueReference="100663316"
      description="Volume flow"
      variability="fixed">
      <Real
        declaredType="Physiolibrary.Types.VolumeFlowRate"/>
    </ScalarVariable>
    <!-- Index for next variable = 28 -->
    <ScalarVariable
      name="bloodDrain.isIsolatedInSteadyState"
      valueReference="100663317"
      description="=true, if there is no flow at port in steady state"
      variability="constant">
      <Boolean start="true"/>
    </ScalarVariable>
    <!-- Index for next variable = 29 -->
    <ScalarVariable
      name="bloodDrain.Simulation"
      valueReference="100663318"
      description="If in equilibrium, then zero-flow equation is added."
      variability="constant">
      <Enumeration
        declaredType="Physiolibrary.Types.SimulationType"
        start="2"/>
    </ScalarVariable>
    <!-- Index for next variable = 30 -->
    <ScalarVariable
      name="urineDrain.P"
      valueReference="16777222"
      description="Hydraulic pressure if usePressureInput=false"
      causality="parameter"
      variability="fixed">
      <Real
        declaredType="Physiolibrary.Types.Pressure"
        displayUnit="Pa"
        start="0"/>
    </ScalarVariable>
    <!-- Index for next variable = 31 -->
    <ScalarVariable
      name="urineDrain.y.pressure"
      valueReference="234881030"
      description="Pressure">
      <Real
        declaredType="Physiolibrary.Types.Pressure"/>
    </ScalarVariable>
    <!-- Index for next variable = 32 -->
    <ScalarVariable
      name="urineDrain.y.q"
      valueReference="100663320"
      description="Volume flow"
      variability="fixed">
      <Real
        declaredType="Physiolibrary.Types.VolumeFlowRate"/>
    </ScalarVariable>
    <!-- Index for next variable = 33 -->
    <ScalarVariable
      name="urineDrain.isIsolatedInSteadyState"
      valueReference="100663321"
      description="=true, if there is no flow at port in steady state"
      variability="constant">
      <Boolean start="true"/>
    </ScalarVariable>
    <!-- Index for next variable = 34 -->
    <ScalarVariable
      name="urineDrain.Simulation"
      valueReference="100663322"
      description="If in equilibrium, then zero-flow equation is added."
      variability="constant">
      <Enumeration
        declaredType="Physiolibrary.Types.SimulationType"
        start="2"/>
    </ScalarVariable>
    <!-- Index for next variable = 35 -->
    <ScalarVariable
      name="osmoticBlood.dPVar"
      valueReference="100663323"
      description="pressure difference"
      variability="fixed">
      <Real
        unit="Pa"/>
    </ScalarVariable>
    <!-- Index for next variable = 36 -->
    <ScalarVariable
      name="osmoticBlood.port_a.pressure"
      valueReference="100663324"
      description="Pressure"
      variability="fixed"
      initial="approx">
      <Real
        declaredType="Physiolibrary.Types.Pressure"
        start="0.0"/>
    </ScalarVariable>
    <!-- Index for next variable = 37 -->
    <ScalarVariable
      name="osmoticBlood.port_a.q"
      valueReference="100663320"
      description="Volume flow"
      variability="fixed">
      <Real
        declaredType="Physiolibrary.Types.VolumeFlowRate"/>
    </ScalarVariable>
    <!-- Index for next variable = 38 -->
    <ScalarVariable
      name="osmoticBlood.port_b.pressure"
      valueReference="100663325"
      description="Pressure"
      variability="fixed">
      <Real
        declaredType="Physiolibrary.Types.Pressure"/>
    </ScalarVariable>
    <!-- Index for next variable = 39 -->
    <ScalarVariable
      name="osmoticBlood.port_b.q"
      valueReference="100663354"
      description="Volume flow">
      <Real
        declaredType="Physiolibrary.Types.VolumeFlowRate"/>
    </ScalarVariable>
    <!-- Index for next variable = 40 -->
    <ScalarVariable
      name="osmoticBlood.dP"
      valueReference="100663323">
      <Real
        declaredType="Modelica.Blocks.Interfaces.RealInput"
        unit="Pa"/>
    </ScalarVariable>
    <!-- Index for next variable = 41 -->
    <ScalarVariable
      name="GP.q_in.pressure"
      valueReference="100663324"
      description="Pressure">
      <Real
        declaredType="Physiolibrary.Types.Pressure"/>
    </ScalarVariable>
    <!-- Index for next variable = 42 -->
    <ScalarVariable
      name="GP.q_in.q"
      valueReference="100663326"
      description="Volume flow"
      variability="constant">
      <Real
        declaredType="Physiolibrary.Types.VolumeFlowRate"
        start="0"/>
    </ScalarVariable>
    <!-- Index for next variable = 43 -->
    <ScalarVariable
      name="GP.pressure"
      valueReference="100663324"
      description="Pressure">
      <Real
        declaredType="Physiolibrary.Types.RealIO.PressureOutput"/>
    </ScalarVariable>
    <!-- Index for next variable = 44 -->
    <ScalarVariable
      name="idealValve1.q_in.pressure"
      valueReference="100663327"
      description="Pressure"
      variability="fixed">
      <Real
        declaredType="Physiolibrary.Types.Pressure"/>
    </ScalarVariable>
    <!-- Index for next variable = 45 -->
    <ScalarVariable
      name="idealValve1.q_in.q"
      valueReference="100663320"
      description="Volume flow">
      <Real
        declaredType="Physiolibrary.Types.VolumeFlowRate"/>
    </ScalarVariable>
    <!-- Index for next variable = 46 -->
    <ScalarVariable
      name="idealValve1.q_out.pressure"
      valueReference="100663328"
      description="Pressure"
      variability="fixed"
      initial="approx">
      <Real
        declaredType="Physiolibrary.Types.Pressure"
        start="0.0"/>
    </ScalarVariable>
    <!-- Index for next variable = 47 -->
    <ScalarVariable
      name="idealValve1.q_out.q"
      valueReference="100663354"
      description="Volume flow">
      <Real
        declaredType="Physiolibrary.Types.VolumeFlowRate"/>
    </ScalarVariable>
    <!-- Index for next variable = 48 -->
    <ScalarVariable
      name="idealValve1.volumeFlowRate"
      valueReference="100663320"
      description="Volumetric flow">
      <Real
        declaredType="Physiolibrary.Types.VolumeFlowRate"/>
    </ScalarVariable>
    <!-- Index for next variable = 49 -->
    <ScalarVariable
      name="idealValve1.dp"
      valueReference="100663329"
      description="Pressure gradient"
      variability="fixed">
      <Real
        declaredType="Physiolibrary.Types.Pressure"/>
    </ScalarVariable>
    <!-- Index for next variable = 50 -->
    <ScalarVariable
      name="idealValve1.open"
      valueReference="100663330"
      description="Switching state"
      variability="fixed"
      initial="approx">
      <Boolean start="true"/>
    </ScalarVariable>
    <!-- Index for next variable = 51 -->
    <ScalarVariable
      name="idealValve1.passableVariable"
      valueReference="100663331"
      description="Auxiliary variable for actual position on the ideal diode characteristic"
      variability="fixed"
      initial="approx">
      <Real
        unit="1"
        start="0"/>
    </ScalarVariable>
    <!-- Index for next variable = 52 -->
    <ScalarVariable
      name="idealValve1._Gon"
      valueReference="16777223"
      description="Forward state-on conductance (open valve conductance)"
      causality="parameter"
      variability="fixed">
      <Real
        declaredType="Physiolibrary.Types.HydraulicConductance"
        start="0.012501026264094"/>
    </ScalarVariable>
    <!-- Index for next variable = 53 -->
    <ScalarVariable
      name="idealValve1._Goff"
      valueReference="16777224"
      description="Backward state-off conductance (closed valve conductance)"
      causality="parameter"
      variability="fixed">
      <Real
        declaredType="Physiolibrary.Types.HydraulicConductance"
        displayUnit="m3/(Pa.s)"
        start="1.2501E-21"/>
    </ScalarVariable>
    <!-- Index for next variable = 54 -->
    <ScalarVariable
      name="idealValve1.Pknee"
      valueReference="16777225"
      description="Forward threshold pressure"
      causality="parameter"
      variability="fixed">
      <Real
        declaredType="Physiolibrary.Types.Pressure"
        min="0.0"
        start="0"/>
    </ScalarVariable>
    <!-- Index for next variable = 55 -->
    <ScalarVariable
      name="aveCOP.inputGFR"
      valueReference="100663320">
      <Real
        declaredType="Modelica.Blocks.Interfaces.RealInput"
        unit="m3/s"/>
    </ScalarVariable>
    <!-- Index for next variable = 56 -->
    <ScalarVariable
      name="aveCOP.inputRBF"
      valueReference="100663347">
      <Real
        declaredType="Modelica.Blocks.Interfaces.RealInput"
        unit="m3/s"/>
    </ScalarVariable>
    <!-- Index for next variable = 57 -->
    <ScalarVariable
      name="aveCOP.outputCOP"
      valueReference="100663335"
      variability="fixed">
      <Real
        declaredType="Modelica.Blocks.Interfaces.RealOutput"/>
    </ScalarVariable>
    <!-- Index for next variable = 58 -->
    <ScalarVariable
      name="aveCOP.GFR"
      valueReference="100663336"
      variability="fixed">
      <Real/>
    </ScalarVariable>
    <!-- Index for next variable = 59 -->
    <ScalarVariable
      name="aveCOP.RBF"
      valueReference="100663337"
      variability="fixed">
      <Real/>
    </ScalarVariable>
    <!-- Index for next variable = 60 -->
    <ScalarVariable
      name="aveCOP.aveCOP"
      valueReference="100663338"
      variability="fixed">
      <Real/>
    </ScalarVariable>
    <!-- Index for next variable = 61 -->
    <ScalarVariable
      name="aveCOP.ACOP"
      valueReference="100663339"
      description="Afferent coloid osmotic pressure"
      variability="fixed">
      <Real/>
    </ScalarVariable>
    <!-- Index for next variable = 62 -->
    <ScalarVariable
      name="aveCOP.ECOP"
      valueReference="100663340"
      description="Efferent coloid osmotic pressure"
      variability="fixed">
      <Real/>
    </ScalarVariable>
    <!-- Index for next variable = 63 -->
    <ScalarVariable
      name="aveCOP.A"
      valueReference="16777226"
      description="mmHg/(G/mL) Landis - Pappernheimer linear Coefficient"
      causality="parameter"
      variability="fixed">
      <Real start="320"/>
    </ScalarVariable>
    <!-- Index for next variable = 64 -->
    <ScalarVariable
      name="aveCOP.B"
      valueReference="16777227"
      description="mmHg/(G/mL)^2 Landis - Pappernheimer quadratic Coefficient"
      causality="parameter"
      variability="fixed">
      <Real start="1160"/>
    </ScalarVariable>
    <!-- Index for next variable = 65 -->
    <ScalarVariable
      name="aveCOP.APr"
      valueReference="16777228"
      description="G/mL afferent protein concentration"
      causality="parameter"
      variability="fixed">
      <Real start="0.07"/>
    </ScalarVariable>
    <!-- Index for next variable = 66 -->
    <ScalarVariable
      name="aveCOP.EPr"
      valueReference="100663341"
      description="G/mL efferent protein concentration"
      variability="fixed">
      <Real/>
    </ScalarVariable>
    <!-- Index for next variable = 67 -->
    <ScalarVariable
      name="aveCOP.FF"
      valueReference="100663342"
      description="filtration fraction"
      variability="fixed">
      <Real/>
    </ScalarVariable>
    <!-- Index for next variable = 68 -->
    <ScalarVariable
      name="aveCOP.RPF"
      valueReference="100663343"
      description="renal plasma flow"
      variability="fixed">
      <Real/>
    </ScalarVariable>
    <!-- Index for next variable = 69 -->
    <ScalarVariable
      name="aveCOP.Hct"
      valueReference="16777229"
      description="hematocryt"
      causality="parameter"
      variability="fixed">
      <Real start="0.44"/>
    </ScalarVariable>
    <!-- Index for next variable = 70 -->
    <ScalarVariable
      name="inverseCOP.k"
      valueReference="16777230"
      description="Gain value multiplied with input signal"
      causality="parameter"
      variability="fixed">
      <Real
        unit="1"
        start="-1"/>
    </ScalarVariable>
    <!-- Index for next variable = 71 -->
    <ScalarVariable
      name="inverseCOP.u"
      valueReference="100663335"
      description="Input signal connector">
      <Real
        declaredType="Modelica.Blocks.Interfaces.RealInput"/>
    </ScalarVariable>
    <!-- Index for next variable = 72 -->
    <ScalarVariable
      name="inverseCOP.y"
      valueReference="100663323"
      description="Output signal connector">
      <Real
        declaredType="Modelica.Blocks.Interfaces.RealOutput"
        unit="Pa"/>
    </ScalarVariable>
    <!-- Index for next variable = 73 -->
    <ScalarVariable
      name="afferentArtery.q_in.pressure"
      valueReference="100663310"
      description="Pressure">
      <Real
        declaredType="Physiolibrary.Types.Pressure"/>
    </ScalarVariable>
    <!-- Index for next variable = 74 -->
    <ScalarVariable
      name="afferentArtery.q_in.q"
      valueReference="100663347"
      description="Volume flow">
      <Real
        declaredType="Physiolibrary.Types.VolumeFlowRate"/>
    </ScalarVariable>
    <!-- Index for next variable = 75 -->
    <ScalarVariable
      name="afferentArtery.q_out.pressure"
      valueReference="100663324"
      description="Pressure">
      <Real
        declaredType="Physiolibrary.Types.Pressure"/>
    </ScalarVariable>
    <!-- Index for next variable = 76 -->
    <ScalarVariable
      name="afferentArtery.q_out.q"
      valueReference="100663311"
      description="Volume flow">
      <Real
        declaredType="Physiolibrary.Types.VolumeFlowRate"/>
    </ScalarVariable>
    <!-- Index for next variable = 77 -->
    <ScalarVariable
      name="afferentArtery.volumeFlowRate"
      valueReference="100663347"
      description="Volumetric flow">
      <Real
        declaredType="Physiolibrary.Types.VolumeFlowRate"/>
    </ScalarVariable>
    <!-- Index for next variable = 78 -->
    <ScalarVariable
      name="afferentArtery.dp"
      valueReference="100663344"
      description="Pressure gradient"
      variability="fixed">
      <Real
        declaredType="Physiolibrary.Types.Pressure"/>
    </ScalarVariable>
    <!-- Index for next variable = 79 -->
    <ScalarVariable
      name="afferentArtery.Conductance"
      valueReference="100663346"
      description="Hydraulic conductance if useConductanceInput=false"
      variability="fixed">
      <Real
        declaredType="Physiolibrary.Types.HydraulicConductance"/>
    </ScalarVariable>
    <!-- Index for next variable = 80 -->
    <ScalarVariable
      name="RBF.q_in.pressure"
      valueReference="100663324"
      description="Pressure">
      <Real
        declaredType="Physiolibrary.Types.Pressure"/>
    </ScalarVariable>
    <!-- Index for next variable = 81 -->
    <ScalarVariable
      name="RBF.q_in.q"
      valueReference="100663347"
      description="Volume flow">
      <Real
        declaredType="Physiolibrary.Types.VolumeFlowRate"/>
    </ScalarVariable>
    <!-- Index for next variable = 82 -->
    <ScalarVariable
      name="RBF.q_out.pressure"
      valueReference="100663324"
      description="Pressure">
      <Real
        declaredType="Physiolibrary.Types.Pressure"/>
    </ScalarVariable>
    <!-- Index for next variable = 83 -->
    <ScalarVariable
      name="RBF.q_out.q"
      valueReference="100663311"
      description="Volume flow">
      <Real
        declaredType="Physiolibrary.Types.VolumeFlowRate"/>
    </ScalarVariable>
    <!-- Index for next variable = 84 -->
    <ScalarVariable
      name="RBF.volumeFlowRate"
      valueReference="100663347"
      description="Volumetric flow">
      <Real
        declaredType="Physiolibrary.Types.VolumeFlowRate"/>
    </ScalarVariable>
    <!-- Index for next variable = 85 -->
    <ScalarVariable
      name="RBF.dp"
      valueReference="100663348"
      description="Pressure gradient"
      variability="constant">
      <Real
        declaredType="Physiolibrary.Types.Pressure"
        start="0.0"/>
    </ScalarVariable>
    <!-- Index for next variable = 86 -->
    <ScalarVariable
      name="RBF.volumeFlow"
      valueReference="100663347"
      description="Actual volume flow rate">
      <Real
        declaredType="Physiolibrary.Types.RealIO.VolumeFlowRateOutput"/>
    </ScalarVariable>
    <!-- Index for next variable = 87 -->
    <ScalarVariable
      name="efferentArtery.q_in.pressure"
      valueReference="100663324"
      description="Pressure">
      <Real
        declaredType="Physiolibrary.Types.Pressure"/>
    </ScalarVariable>
    <!-- Index for next variable = 88 -->
    <ScalarVariable
      name="efferentArtery.q_in.q"
      valueReference="100663316"
      description="Volume flow">
      <Real
        declaredType="Physiolibrary.Types.VolumeFlowRate"/>
    </ScalarVariable>
    <!-- Index for next variable = 89 -->
    <ScalarVariable
      name="efferentArtery.q_out.pressure"
      valueReference="100663349"
      description="Pressure"
      variability="fixed"
      initial="approx">
      <Real
        declaredType="Physiolibrary.Types.Pressure"
        start="0.0"/>
    </ScalarVariable>
    <!-- Index for next variable = 90 -->
    <ScalarVariable
      name="efferentArtery.q_out.q"
      valueReference="100663350"
      description="Volume flow">
      <Real
        declaredType="Physiolibrary.Types.VolumeFlowRate"/>
    </ScalarVariable>
    <!-- Index for next variable = 91 -->
    <ScalarVariable
      name="efferentArtery.volumeFlowRate"
      valueReference="100663316"
      description="Volumetric flow">
      <Real
        declaredType="Physiolibrary.Types.VolumeFlowRate"/>
    </ScalarVariable>
    <!-- Index for next variable = 92 -->
    <ScalarVariable
      name="efferentArtery.dp"
      valueReference="100663351"
      description="Pressure gradient"
      variability="fixed">
      <Real
        declaredType="Physiolibrary.Types.Pressure"/>
    </ScalarVariable>
    <!-- Index for next variable = 93 -->
    <ScalarVariable
      name="efferentArtery.Conductance"
      valueReference="100663353"
      description="Hydraulic conductance if useConductanceInput=false"
      variability="fixed">
      <Real
        declaredType="Physiolibrary.Types.HydraulicConductance"/>
    </ScalarVariable>
    <!-- Index for next variable = 94 -->
    <ScalarVariable
      name="GFR.q_in.pressure"
      valueReference="100663328"
      description="Pressure">
      <Real
        declaredType="Physiolibrary.Types.Pressure"/>
    </ScalarVariable>
    <!-- Index for next variable = 95 -->
    <ScalarVariable
      name="GFR.q_in.q"
      valueReference="100663320"
      description="Volume flow">
      <Real
        declaredType="Physiolibrary.Types.VolumeFlowRate"/>
    </ScalarVariable>
    <!-- Index for next variable = 96 -->
    <ScalarVariable
      name="GFR.q_out.pressure"
      valueReference="100663328"
      description="Pressure">
      <Real
        declaredType="Physiolibrary.Types.Pressure"/>
    </ScalarVariable>
    <!-- Index for next variable = 97 -->
    <ScalarVariable
      name="GFR.q_out.q"
      valueReference="100663354"
      description="Volume flow">
      <Real
        declaredType="Physiolibrary.Types.VolumeFlowRate"/>
    </ScalarVariable>
    <!-- Index for next variable = 98 -->
    <ScalarVariable
      name="GFR.volumeFlowRate"
      valueReference="100663320"
      description="Volumetric flow">
      <Real
        declaredType="Physiolibrary.Types.VolumeFlowRate"/>
    </ScalarVariable>
    <!-- Index for next variable = 99 -->
    <ScalarVariable
      name="GFR.dp"
      valueReference="100663355"
      description="Pressure gradient"
      variability="constant">
      <Real
        declaredType="Physiolibrary.Types.Pressure"
        start="0.0"/>
    </ScalarVariable>
    <!-- Index for next variable = 100 -->
    <ScalarVariable
      name="GFR.volumeFlow"
      valueReference="100663320"
      description="Actual volume flow rate">
      <Real
        declaredType="Physiolibrary.Types.RealIO.VolumeFlowRateOutput"/>
    </ScalarVariable>
    <!-- Index for next variable = 101 -->
    <ScalarVariable
      name="vena.q_in.pressure"
      valueReference="100663349"
      description="Pressure">
      <Real
        declaredType="Physiolibrary.Types.Pressure"/>
    </ScalarVariable>
    <!-- Index for next variable = 102 -->
    <ScalarVariable
      name="vena.q_in.q"
      valueReference="100663316"
      description="Volume flow">
      <Real
        declaredType="Physiolibrary.Types.VolumeFlowRate"/>
    </ScalarVariable>
    <!-- Index for next variable = 103 -->
    <ScalarVariable
      name="vena.q_out.pressure"
      valueReference="100663315"
      description="Pressure">
      <Real
        declaredType="Physiolibrary.Types.Pressure"/>
    </ScalarVariable>
    <!-- Index for next variable = 104 -->
    <ScalarVariable
      name="vena.q_out.q"
      valueReference="100663350"
      description="Volume flow">
      <Real
        declaredType="Physiolibrary.Types.VolumeFlowRate"/>
    </ScalarVariable>
    <!-- Index for next variable = 105 -->
    <ScalarVariable
      name="vena.volumeFlowRate"
      valueReference="100663316"
      description="Volumetric flow">
      <Real
        declaredType="Physiolibrary.Types.VolumeFlowRate"/>
    </ScalarVariable>
    <!-- Index for next variable = 106 -->
    <ScalarVariable
      name="vena.dp"
      valueReference="100663356"
      description="Pressure gradient"
      variability="fixed">
      <Real
        declaredType="Physiolibrary.Types.Pressure"/>
    </ScalarVariable>
    <!-- Index for next variable = 107 -->
    <ScalarVariable
      name="vena.Conductance"
      valueReference="100663358"
      description="Hydraulic conductance if useConductanceInput=false"
      variability="constant">
      <Real
        declaredType="Physiolibrary.Types.HydraulicConductance"
        start="2.500205252818854E-08"/>
    </ScalarVariable>
    <!-- Index for next variable = 108 -->
    <ScalarVariable
      name="glomMembrane.q_in.pressure"
      valueReference="100663325"
      description="Pressure">
      <Real
        declaredType="Physiolibrary.Types.Pressure"/>
    </ScalarVariable>
    <!-- Index for next variable = 109 -->
    <ScalarVariable
      name="glomMembrane.q_in.q"
      valueReference="100663320"
      description="Volume flow">
      <Real
        declaredType="Physiolibrary.Types.VolumeFlowRate"/>
    </ScalarVariable>
    <!-- Index for next variable = 110 -->
    <ScalarVariable
      name="glomMembrane.q_out.pressure"
      valueReference="100663327"
      description="Pressure">
      <Real
        declaredType="Physiolibrary.Types.Pressure"/>
    </ScalarVariable>
    <!-- Index for next variable = 111 -->
    <ScalarVariable
      name="glomMembrane.q_out.q"
      valueReference="100663354"
      description="Volume flow">
      <Real
        declaredType="Physiolibrary.Types.VolumeFlowRate"/>
    </ScalarVariable>
    <!-- Index for next variable = 112 -->
    <ScalarVariable
      name="glomMembrane.volumeFlowRate"
      valueReference="100663320"
      description="Volumetric flow">
      <Real
        declaredType="Physiolibrary.Types.VolumeFlowRate"/>
    </ScalarVariable>
    <!-- Index for next variable = 113 -->
    <ScalarVariable
      name="glomMembrane.dp"
      valueReference="100663360"
      description="Pressure gradient"
      variability="fixed">
      <Real
        declaredType="Physiolibrary.Types.Pressure"/>
    </ScalarVariable>
    <!-- Index for next variable = 114 -->
    <ScalarVariable
      name="glomMembrane.Conductance"
      valueReference="100663362"
      description="Hydraulic conductance if useConductanceInput=false"
      variability="fixed">
      <Real
        declaredType="Physiolibrary.Types.HydraulicConductance"/>
    </ScalarVariable>
    <!-- Index for next variable = 115 -->
    <ScalarVariable
      name="proximalTubule.q_in.pressure"
      valueReference="100663328"
      description="Pressure">
      <Real
        declaredType="Physiolibrary.Types.Pressure"/>
    </ScalarVariable>
    <!-- Index for next variable = 116 -->
    <ScalarVariable
      name="proximalTubule.q_in.q"
      valueReference="100663320"
      description="Volume flow">
      <Real
        declaredType="Physiolibrary.Types.VolumeFlowRate"/>
    </ScalarVariable>
    <!-- Index for next variable = 117 -->
    <ScalarVariable
      name="proximalTubule.q_out.pressure"
      valueReference="234881030"
      description="Pressure">
      <Real
        declaredType="Physiolibrary.Types.Pressure"/>
    </ScalarVariable>
    <!-- Index for next variable = 118 -->
    <ScalarVariable
      name="proximalTubule.q_out.q"
      valueReference="100663354"
      description="Volume flow">
      <Real
        declaredType="Physiolibrary.Types.VolumeFlowRate"/>
    </ScalarVariable>
    <!-- Index for next variable = 119 -->
    <ScalarVariable
      name="proximalTubule.volumeFlowRate"
      valueReference="100663320"
      description="Volumetric flow">
      <Real
        declaredType="Physiolibrary.Types.VolumeFlowRate"/>
    </ScalarVariable>
    <!-- Index for next variable = 120 -->
    <ScalarVariable
      name="proximalTubule.dp"
      valueReference="100663363"
      description="Pressure gradient"
      variability="fixed">
      <Real
        declaredType="Physiolibrary.Types.Pressure"/>
    </ScalarVariable>
    <!-- Index for next variable = 121 -->
    <ScalarVariable
      name="proximalTubule.Conductance"
      valueReference="100663365"
      description="Hydraulic conductance if useConductanceInput=false"
      variability="fixed">
      <Real
        declaredType="Physiolibrary.Types.HydraulicConductance"/>
    </ScalarVariable>
    <!-- Index for next variable = 122 -->
    <ScalarVariable
      name="PTP.q_in.pressure"
      valueReference="100663328"
      description="Pressure">
      <Real
        declaredType="Physiolibrary.Types.Pressure"/>
    </ScalarVariable>
    <!-- Index for next variable = 123 -->
    <ScalarVariable
      name="PTP.q_in.q"
      valueReference="100663366"
      description="Volume flow"
      variability="constant">
      <Real
        declaredType="Physiolibrary.Types.VolumeFlowRate"
        start="0"/>
    </ScalarVariable>
    <!-- Index for next variable = 124 -->
    <ScalarVariable
      name="PTP.pressure"
      valueReference="100663328"
      description="Pressure">
      <Real
        declaredType="Physiolibrary.Types.RealIO.PressureOutput"/>
    </ScalarVariable>
    <!-- Index for next variable = 125 -->
    <ScalarVariable
      name="colemanConductances.AffNorm"
      valueReference="16777231"
      description="afferent normal conducatance"
      causality="parameter"
      variability="fixed">
      <Real start="28.285"/>
    </ScalarVariable>
    <!-- Index for next variable = 126 -->
    <ScalarVariable
      name="colemanConductances.EffNorm"
      valueReference="16777232"
      description="efferent normal conducatance"
      causality="parameter"
      variability="fixed">
      <Real start="23.787"/>
    </ScalarVariable>
    <!-- Index for next variable = 127 -->
    <ScalarVariable
      name="colemanConductances.VenC"
      valueReference="16777233"
      description="venous conductance"
      causality="parameter"
      variability="fixed">
      <Real start="200"/>
    </ScalarVariable>
    <!-- Index for next variable = 128 -->
    <ScalarVariable
      name="colemanConductances.KfNorm"
      valueReference="16777234"
      description="normal glomerular filtration coefficient"
      causality="parameter"
      variability="fixed">
      <Real start="17.6"/>
    </ScalarVariable>
    <!-- Index for next variable = 129 -->
    <ScalarVariable
      name="colemanConductances.TubC"
      valueReference="16777235"
      description="Proximal Tubule conductance"
      causality="parameter"
      variability="fixed">
      <Real start="6.8"/>
    </ScalarVariable>
  </ModelVariables>
  <ModelStructure/>
</fmiModelDescription>
