<?xml version="1.0" encoding="UTF-8"?>
<fmiModelDescription
  fmiVersion="2.0"
  modelName="Nephron.Models.GlomerulusColeman"
  guid="{f3ef2e69-af2b-47c9-815c-6705de424fad}"
  description=""
  generationTool="OpenModelica Compiler OMCompiler v1.14.0-dev.133+g4961b3653"
  generationDateAndTime="2019-04-15T13:42:28Z"
  variableNamingConvention="structured"
  numberOfEventIndicators="1">
  <CoSimulation
    modelIdentifier="Nephron_Models_GlomerulusColeman"
    needsExecutionTool="false"
    canHandleVariableCommunicationStepSize="true"
    canInterpolateInputs="false"
    maxOutputDerivativeOrder="0"
    canRunAsynchronuously = "false"
    canBeInstantiatedOnlyOncePerProcess="false"
    canNotUseMemoryManagementFunctions="false"
    canGetAndSetFMUstate="false"
    canSerializeFMUstate="false"
     />
  <TypeDefinitions>
    <SimpleType name="Physiolibrary.Types.SimulationType">
      <Enumeration>
        <Item name="NoInit" value="1"/>
        <Item name="NormalInit" value="2"/>
        <Item name="ReadInit" value="3"/>
        <Item name="InitSteadyState" value="4"/>
        <Item name="SteadyState" value="5"/>
      </Enumeration>
    </SimpleType>
  </TypeDefinitions>
  <LogCategories>
    <Category name="logEvents" />
    <Category name="logSingularLinearSystems" />
    <Category name="logNonlinearSystems" />
    <Category name="logDynamicStateSelection" />
    <Category name="logStatusWarning" />
    <Category name="logStatusDiscard" />
    <Category name="logStatusError" />
    <Category name="logStatusFatal" />
    <Category name="logStatusPending" />
    <Category name="logAll" />
    <Category name="logFmi2Call" />
  </LogCategories>
  <DefaultExperiment startTime="0.0" stopTime="1.0" tolerance="1e-06"/>
  <ModelVariables>
  <!-- Index of variable = "1" -->
  <ScalarVariable
    name="GFR.dp"
    valueReference="0"
    description="Pressure gradient"
    variability="continuous"
    causality="local"
    initial="calculated">
    <Real nominal="133.322387415" unit="Pa"/>
  </ScalarVariable>
  <!-- Index of variable = "2" -->
  <ScalarVariable
    name="GFR.volumeFlow"
    valueReference="1"
    description="Actual volume flow rate"
    variability="continuous"
    causality="local"
    initial="exact">
    <Real start="2.08e-06" nominal="1.666666666666667e-08" unit="m3/s"/>
  </ScalarVariable>
  <!-- Index of variable = "3" -->
  <ScalarVariable
    name="GP.pressure"
    valueReference="2"
    description="Pressure"
    variability="continuous"
    causality="local"
    initial="exact">
    <Real start="7676.0" nominal="133.322387415" unit="Pa"/>
  </ScalarVariable>
  <!-- Index of variable = "4" -->
  <ScalarVariable
    name="GP.q_in.q"
    valueReference="3"
    description="Volume flow"
    variability="continuous"
    causality="local"
    initial="calculated">
    <Real nominal="1.666666666666667e-08" unit="m3/s"/>
  </ScalarVariable>
  <!-- Index of variable = "5" -->
  <ScalarVariable
    name="PTP.q_in.q"
    valueReference="4"
    description="Volume flow"
    variability="continuous"
    causality="local"
    initial="calculated">
    <Real nominal="1.666666666666667e-08" unit="m3/s"/>
  </ScalarVariable>
  <!-- Index of variable = "6" -->
  <ScalarVariable
    name="RBF.dp"
    valueReference="5"
    description="Pressure gradient"
    variability="continuous"
    causality="local"
    initial="calculated">
    <Real nominal="133.322387415" unit="Pa"/>
  </ScalarVariable>
  <!-- Index of variable = "7" -->
  <ScalarVariable
    name="RBF.volumeFlow"
    valueReference="6"
    description="Actual volume flow rate"
    variability="continuous"
    causality="local"
    initial="exact">
    <Real start="2e-05" nominal="1.666666666666667e-08" unit="m3/s"/>
  </ScalarVariable>
  <!-- Index of variable = "8" -->
  <ScalarVariable
    name="afferentArtery.dp"
    valueReference="7"
    description="Pressure gradient"
    variability="continuous"
    causality="local"
    initial="exact">
    <Real start="5656.244118720171" nominal="133.322387415" unit="Pa"/>
  </ScalarVariable>
  <!-- Index of variable = "9" -->
  <ScalarVariable
    name="aveCOP.ACOP"
    valueReference="8"
    description="Afferent coloid osmotic pressure"
    variability="continuous"
    causality="local"
    initial="exact">
    <Real start="28.0"/>
  </ScalarVariable>
  <!-- Index of variable = "10" -->
  <ScalarVariable
    name="aveCOP.ECOP"
    valueReference="9"
    description="Efferent coloid osmotic pressure"
    variability="continuous"
    causality="local"
    initial="exact">
    <Real start="36.0"/>
  </ScalarVariable>
  <!-- Index of variable = "11" -->
  <ScalarVariable
    name="aveCOP.EPr"
    valueReference="10"
    description="G/mL efferent protein concentration"
    variability="continuous"
    causality="local"
    initial="exact">
    <Real start="0.09"/>
  </ScalarVariable>
  <!-- Index of variable = "12" -->
  <ScalarVariable
    name="aveCOP.FF"
    valueReference="11"
    description="filtration fraction"
    variability="continuous"
    causality="local"
    initial="exact">
    <Real start="0.2222222222222221"/>
  </ScalarVariable>
  <!-- Index of variable = "13" -->
  <ScalarVariable
    name="aveCOP.GFR"
    valueReference="12"
    variability="continuous"
    causality="local"
    initial="exact">
    <Real start="0.1248"/>
  </ScalarVariable>
  <!-- Index of variable = "14" -->
  <ScalarVariable
    name="aveCOP.RBF"
    valueReference="13"
    variability="continuous"
    causality="local"
    initial="exact">
    <Real start="1.2"/>
  </ScalarVariable>
  <!-- Index of variable = "15" -->
  <ScalarVariable
    name="aveCOP.RPF"
    valueReference="14"
    description="renal plasma flow"
    variability="continuous"
    causality="local"
    initial="exact">
    <Real start="0.5616000000000003"/>
  </ScalarVariable>
  <!-- Index of variable = "16" -->
  <ScalarVariable
    name="aveCOP.aveCOP"
    valueReference="15"
    variability="continuous"
    causality="local"
    initial="exact">
    <Real start="32.042"/>
  </ScalarVariable>
  <!-- Index of variable = "17" -->
  <ScalarVariable
    name="aveCOP.logECOP"
    valueReference="16"
    variability="continuous"
    causality="local"
    initial="calculated">
    <Real/>
  </ScalarVariable>
  <!-- Index of variable = "18" -->
  <ScalarVariable
    name="aveCOP.outputACOP"
    valueReference="17"
    variability="continuous"
    causality="local"
    initial="calculated">
    <Real/>
  </ScalarVariable>
  <!-- Index of variable = "19" -->
  <ScalarVariable
    name="aveCOP.outputCOP"
    valueReference="18"
    variability="continuous"
    causality="local"
    initial="exact">
    <Real start="4271.91593755143"/>
  </ScalarVariable>
  <!-- Index of variable = "20" -->
  <ScalarVariable
    name="aveCOP.outputECOP"
    valueReference="19"
    variability="continuous"
    causality="local"
    initial="exact">
    <Real start="4799.605946940001"/>
  </ScalarVariable>
  <!-- Index of variable = "21" -->
  <ScalarVariable
    name="aveCOP.sqrtECOP"
    valueReference="20"
    variability="continuous"
    causality="local"
    initial="calculated">
    <Real/>
  </ScalarVariable>
  <!-- Index of variable = "22" -->
  <ScalarVariable
    name="efferentArtery.dp"
    valueReference="21"
    description="Pressure gradient"
    variability="continuous"
    causality="local"
    initial="exact">
    <Real start="6650.0" nominal="133.322387415" unit="Pa"/>
  </ScalarVariable>
  <!-- Index of variable = "23" -->
  <ScalarVariable
    name="glomMembrane.dp"
    valueReference="22"
    description="Pressure gradient"
    variability="continuous"
    causality="local"
    initial="exact">
    <Real start="996.3253861911379" nominal="133.322387415" unit="Pa"/>
  </ScalarVariable>
  <!-- Index of variable = "24" -->
  <ScalarVariable
    name="glomMembrane.q_in.pressure"
    valueReference="23"
    description="Pressure"
    variability="continuous"
    causality="local"
    initial="exact">
    <Real start="3396.128359661138" nominal="133.322387415" unit="Pa"/>
  </ScalarVariable>
  <!-- Index of variable = "25" -->
  <ScalarVariable
    name="glomMembrane.q_out.pressure"
    valueReference="24"
    description="Pressure"
    variability="continuous"
    causality="local"
    initial="exact">
    <Real start="2399.80297347" nominal="133.322387415" unit="Pa"/>
  </ScalarVariable>
  <!-- Index of variable = "26" -->
  <ScalarVariable
    name="idealValve1.dp"
    valueReference="25"
    description="Pressure gradient"
    variability="continuous"
    causality="local"
    initial="exact">
    <Real start="0.0" nominal="133.322387415" unit="Pa"/>
  </ScalarVariable>
  <!-- Index of variable = "27" -->
  <ScalarVariable
    name="idealValve1.passableVariable"
    valueReference="26"
    description="Auxiliary variable for actual position on the ideal diode characteristic"
    variability="continuous"
    causality="local"
    initial="exact">
    <Real start="0.0" unit="1"/>
  </ScalarVariable>
  <!-- Index of variable = "28" -->
  <ScalarVariable
    name="inverseCOP.y"
    valueReference="27"
    description="Output signal connector"
    variability="continuous"
    causality="local"
    initial="exact">
    <Real start="-4279.871640338862"/>
  </ScalarVariable>
  <!-- Index of variable = "29" -->
  <ScalarVariable
    name="pAffEffective.y"
    valueReference="28"
    description="Connector of Real output signal"
    variability="continuous"
    causality="local"
    initial="calculated">
    <Real/>
  </ScalarVariable>
  <!-- Index of variable = "30" -->
  <ScalarVariable
    name="pEffEffective.y"
    valueReference="29"
    description="Connector of Real output signal"
    variability="continuous"
    causality="local"
    initial="exact">
    <Real start="-3149.605946940001"/>
  </ScalarVariable>
  <!-- Index of variable = "31" -->
  <ScalarVariable
    name="pressureAff.q_in.q"
    valueReference="30"
    description="Volume flow"
    variability="continuous"
    causality="local"
    initial="calculated">
    <Real nominal="1.666666666666667e-08" unit="m3/s"/>
  </ScalarVariable>
  <!-- Index of variable = "32" -->
  <ScalarVariable
    name="pressureEff.pressure"
    valueReference="31"
    description="Pressure"
    variability="continuous"
    causality="local"
    initial="exact">
    <Real start="1650.0" nominal="133.322387415" unit="Pa"/>
  </ScalarVariable>
  <!-- Index of variable = "33" -->
  <ScalarVariable
    name="pressureEff.q_in.q"
    valueReference="32"
    description="Volume flow"
    variability="continuous"
    causality="local"
    initial="calculated">
    <Real nominal="1.666666666666667e-08" unit="m3/s"/>
  </ScalarVariable>
  <!-- Index of variable = "34" -->
  <ScalarVariable
    name="vena.dp"
    valueReference="33"
    description="Pressure gradient"
    variability="continuous"
    causality="local"
    initial="exact">
    <Real start="790.91775" nominal="133.322387415" unit="Pa"/>
  </ScalarVariable>
  <!-- Index of variable = "35" -->
  <ScalarVariable
    name="vena.volumeFlowRate"
    valueReference="34"
    description="Volumetric flow"
    variability="continuous"
    causality="local"
    initial="exact">
    <Real start="1.977456713097669e-05" nominal="1.666666666666667e-08" unit="m3/s"/>
  </ScalarVariable>
  <!-- Index of variable = "36" -->
  <ScalarVariable
    name="AP"
    valueReference="35"
    description="arterial pressure"
    variability="fixed"
    causality="calculatedParameter"
    initial="calculated">
    <Real nominal="133.322387415" unit="Pa"/>
  </ScalarVariable>
  <!-- Index of variable = "37" -->
  <ScalarVariable
    name="AP_mod"
    valueReference="36"
    variability="fixed"
    causality="parameter"
    initial="exact">
    <Real start="1.0"/>
  </ScalarVariable>
  <!-- Index of variable = "38" -->
  <ScalarVariable
    name="AffC"
    valueReference="37"
    description="afferent artery conductance"
    variability="fixed"
    causality="calculatedParameter"
    initial="calculated">
    <Real min="0.0" nominal="1.250102626409427e-10" unit="m3/(Pa.s)"/>
  </ScalarVariable>
  <!-- Index of variable = "39" -->
  <ScalarVariable
    name="AffMod"
    valueReference="38"
    description="afferent relative resistance"
    variability="fixed"
    causality="parameter"
    initial="exact">
    <Real start="1.0"/>
  </ScalarVariable>
  <!-- Index of variable = "40" -->
  <ScalarVariable
    name="AffNorm"
    valueReference="39"
    description="afferent normal conducatance"
    variability="fixed"
    causality="calculatedParameter"
    initial="calculated">
    <Real min="0.0" nominal="1.250102626409427e-10" unit="m3/(Pa.s)"/>
  </ScalarVariable>
  <!-- Index of variable = "41" -->
  <ScalarVariable
    name="Clamp"
    valueReference="40"
    description="Renal Artery Clamp"
    variability="fixed"
    causality="parameter"
    initial="exact">
    <Real start="0.0" nominal="133.322387415" unit="Pa"/>
  </ScalarVariable>
  <!-- Index of variable = "42" -->
  <ScalarVariable
    name="DP"
    valueReference="41"
    description="diastolic pressure"
    variability="fixed"
    causality="calculatedParameter"
    initial="calculated">
    <Real nominal="133.322387415" unit="Pa"/>
  </ScalarVariable>
  <!-- Index of variable = "43" -->
  <ScalarVariable
    name="EffC"
    valueReference="42"
    description="efferent artery conductance"
    variability="fixed"
    causality="calculatedParameter"
    initial="calculated">
    <Real min="0.0" nominal="1.250102626409427e-10" unit="m3/(Pa.s)"/>
  </ScalarVariable>
  <!-- Index of variable = "44" -->
  <ScalarVariable
    name="EffMod"
    valueReference="43"
    description="efferent relative resistance"
    variability="fixed"
    causality="parameter"
    initial="exact">
    <Real start="1.0"/>
  </ScalarVariable>
  <!-- Index of variable = "45" -->
  <ScalarVariable
    name="EffNorm"
    valueReference="44"
    description="efferent normal conducatance"
    variability="fixed"
    causality="calculatedParameter"
    initial="calculated">
    <Real min="0.0" nominal="1.250102626409427e-10" unit="m3/(Pa.s)"/>
  </ScalarVariable>
  <!-- Index of variable = "46" -->
  <ScalarVariable
    name="Kf"
    valueReference="45"
    description="glomerular filtration coefficient"
    variability="fixed"
    causality="calculatedParameter"
    initial="calculated">
    <Real min="0.0" nominal="1.250102626409427e-10" unit="m3/(Pa.s)"/>
  </ScalarVariable>
  <!-- Index of variable = "47" -->
  <ScalarVariable
    name="KfMod"
    valueReference="46"
    description="glomerular filtration coefficient modifier"
    variability="fixed"
    causality="parameter"
    initial="exact">
    <Real start="1.0"/>
  </ScalarVariable>
  <!-- Index of variable = "48" -->
  <ScalarVariable
    name="KfNorm"
    valueReference="47"
    description="normal glomerular filtration coefficient"
    variability="fixed"
    causality="calculatedParameter"
    initial="calculated">
    <Real min="0.0" nominal="1.250102626409427e-10" unit="m3/(Pa.s)"/>
  </ScalarVariable>
  <!-- Index of variable = "49" -->
  <ScalarVariable
    name="RAP"
    valueReference="48"
    description="renal artery pressure"
    variability="fixed"
    causality="calculatedParameter"
    initial="calculated">
    <Real nominal="133.322387415" unit="Pa"/>
  </ScalarVariable>
  <!-- Index of variable = "50" -->
  <ScalarVariable
    name="SP"
    valueReference="49"
    description="systolic pressure"
    variability="fixed"
    causality="calculatedParameter"
    initial="calculated">
    <Real nominal="133.322387415" unit="Pa"/>
  </ScalarVariable>
  <!-- Index of variable = "51" -->
  <ScalarVariable
    name="TubC"
    valueReference="50"
    description="proximal tubule conductance"
    variability="fixed"
    causality="calculatedParameter"
    initial="calculated">
    <Real min="0.0" nominal="1.250102626409427e-10" unit="m3/(Pa.s)"/>
  </ScalarVariable>
  <!-- Index of variable = "52" -->
  <ScalarVariable
    name="VP"
    valueReference="51"
    description="venous pressure"
    variability="fixed"
    causality="parameter"
    initial="exact">
    <Real start="933.2567119050001" nominal="133.322387415" unit="Pa"/>
  </ScalarVariable>
  <!-- Index of variable = "53" -->
  <ScalarVariable
    name="VenC"
    valueReference="52"
    description="venous conductance"
    variability="fixed"
    causality="parameter"
    initial="exact">
    <Real start="2.500205252818854e-08" min="0.0" nominal="1.250102626409427e-10" unit="m3/(Pa.s)"/>
  </ScalarVariable>
  <!-- Index of variable = "54" -->
  <ScalarVariable
    name="afferentArtery.Conductance"
    valueReference="53"
    description="Hydraulic conductance if useConductanceInput=false"
    variability="fixed"
    causality="calculatedParameter"
    initial="calculated">
    <Real min="0.0" nominal="1.250102626409427e-10" unit="m3/(Pa.s)"/>
  </ScalarVariable>
  <!-- Index of variable = "55" -->
  <ScalarVariable
    name="aveCOP.A"
    valueReference="54"
    description="mmHg/(G/mL) Landis - Pappernheimer linear Coefficient"
    variability="fixed"
    causality="parameter"
    initial="exact">
    <Real start="320.0"/>
  </ScalarVariable>
  <!-- Index of variable = "56" -->
  <ScalarVariable
    name="aveCOP.APr"
    valueReference="55"
    description="G/mL afferent protein concentration"
    variability="fixed"
    causality="parameter"
    initial="exact">
    <Real start="0.07000000000000001"/>
  </ScalarVariable>
  <!-- Index of variable = "57" -->
  <ScalarVariable
    name="aveCOP.B"
    valueReference="56"
    description="mmHg/(G/mL)^2 Landis - Pappernheimer quadratic Coefficient"
    variability="fixed"
    causality="parameter"
    initial="exact">
    <Real start="1160.0"/>
  </ScalarVariable>
  <!-- Index of variable = "58" -->
  <ScalarVariable
    name="aveCOP.Hct"
    valueReference="57"
    description="hematocryt"
    variability="fixed"
    causality="parameter"
    initial="exact">
    <Real start="0.44"/>
  </ScalarVariable>
  <!-- Index of variable = "59" -->
  <ScalarVariable
    name="bloodDrain.P"
    valueReference="58"
    description="Hydraulic pressure if usePressureInput=false"
    variability="fixed"
    causality="calculatedParameter"
    initial="calculated">
    <Real nominal="133.322387415" unit="Pa"/>
  </ScalarVariable>
  <!-- Index of variable = "60" -->
  <ScalarVariable
    name="bloodSource.P"
    valueReference="59"
    description="Hydraulic pressure if usePressureInput=false"
    variability="fixed"
    causality="calculatedParameter"
    initial="calculated">
    <Real nominal="133.322387415" unit="Pa"/>
  </ScalarVariable>
  <!-- Index of variable = "61" -->
  <ScalarVariable
    name="colemanConductances.AffNorm"
    valueReference="60"
    description="afferent normal conducatance"
    variability="fixed"
    causality="parameter"
    initial="exact">
    <Real start="28.285"/>
  </ScalarVariable>
  <!-- Index of variable = "62" -->
  <ScalarVariable
    name="colemanConductances.EffNorm"
    valueReference="61"
    description="efferent normal conducatance"
    variability="fixed"
    causality="parameter"
    initial="exact">
    <Real start="23.787"/>
  </ScalarVariable>
  <!-- Index of variable = "63" -->
  <ScalarVariable
    name="colemanConductances.KfNorm"
    valueReference="62"
    description="normal glomerular filtration coefficient"
    variability="fixed"
    causality="parameter"
    initial="exact">
    <Real start="16.7"/>
  </ScalarVariable>
  <!-- Index of variable = "64" -->
  <ScalarVariable
    name="colemanConductances.TubC"
    valueReference="63"
    description="Proximal Tubule conductance"
    variability="fixed"
    causality="parameter"
    initial="exact">
    <Real start="6.8"/>
  </ScalarVariable>
  <!-- Index of variable = "65" -->
  <ScalarVariable
    name="colemanConductances.VenC"
    valueReference="64"
    description="venous conductance"
    variability="fixed"
    causality="parameter"
    initial="exact">
    <Real start="200.0"/>
  </ScalarVariable>
  <!-- Index of variable = "66" -->
  <ScalarVariable
    name="efferentArtery.Conductance"
    valueReference="65"
    description="Hydraulic conductance if useConductanceInput=false"
    variability="fixed"
    causality="calculatedParameter"
    initial="calculated">
    <Real min="0.0" nominal="1.250102626409427e-10" unit="m3/(Pa.s)"/>
  </ScalarVariable>
  <!-- Index of variable = "67" -->
  <ScalarVariable
    name="glomMembrane.Conductance"
    valueReference="66"
    description="Hydraulic conductance if useConductanceInput=false"
    variability="fixed"
    causality="calculatedParameter"
    initial="calculated">
    <Real min="0.0" nominal="1.250102626409427e-10" unit="m3/(Pa.s)"/>
  </ScalarVariable>
  <!-- Index of variable = "68" -->
  <ScalarVariable
    name="idealValve1.Pknee"
    valueReference="67"
    description="Forward threshold pressure"
    variability="fixed"
    causality="parameter"
    initial="exact">
    <Real start="0.0" min="0.0" nominal="133.322387415" unit="Pa"/>
  </ScalarVariable>
  <!-- Index of variable = "69" -->
  <ScalarVariable
    name="idealValve1._Goff"
    valueReference="68"
    description="Backward state-off conductance (closed valve conductance)"
    variability="fixed"
    causality="parameter"
    initial="exact">
    <Real start="1.2501e-21" min="0.0" nominal="1.250102626409427e-10" unit="m3/(Pa.s)"/>
  </ScalarVariable>
  <!-- Index of variable = "70" -->
  <ScalarVariable
    name="idealValve1._Gon"
    valueReference="69"
    description="Forward state-on conductance (open valve conductance)"
    variability="fixed"
    causality="parameter"
    initial="exact">
    <Real start="0.012501026264094" min="0.0" nominal="1.250102626409427e-10" unit="m3/(Pa.s)"/>
  </ScalarVariable>
  <!-- Index of variable = "71" -->
  <ScalarVariable
    name="inverseCOP.k"
    valueReference="70"
    description="Gain value multiplied with input signal"
    variability="fixed"
    causality="parameter"
    initial="exact">
    <Real start="-1.0" unit="1"/>
  </ScalarVariable>
  <!-- Index of variable = "72" -->
  <ScalarVariable
    name="pAffEffective.k1"
    valueReference="71"
    description="Gain of upper input"
    variability="fixed"
    causality="parameter"
    initial="exact">
    <Real start="1.0"/>
  </ScalarVariable>
  <!-- Index of variable = "73" -->
  <ScalarVariable
    name="pAffEffective.k2"
    valueReference="72"
    description="Gain of lower input"
    variability="fixed"
    causality="parameter"
    initial="exact">
    <Real start="-1.0"/>
  </ScalarVariable>
  <!-- Index of variable = "74" -->
  <ScalarVariable
    name="pEffEffective.k1"
    valueReference="73"
    description="Gain of upper input"
    variability="fixed"
    causality="parameter"
    initial="exact">
    <Real start="-1.0"/>
  </ScalarVariable>
  <!-- Index of variable = "75" -->
  <ScalarVariable
    name="pEffEffective.k2"
    valueReference="74"
    description="Gain of lower input"
    variability="fixed"
    causality="parameter"
    initial="exact">
    <Real start="1.0"/>
  </ScalarVariable>
  <!-- Index of variable = "76" -->
  <ScalarVariable
    name="urineDrain.P"
    valueReference="75"
    description="Hydraulic pressure if usePressureInput=false"
    variability="fixed"
    causality="parameter"
    initial="exact">
    <Real start="2399.80297347" nominal="133.322387415" unit="Pa"/>
  </ScalarVariable>
  <!-- Index of variable = "77" -->
  <ScalarVariable
    name="vena.Conductance"
    valueReference="76"
    description="Hydraulic conductance if useConductanceInput=false"
    variability="fixed"
    causality="calculatedParameter"
    initial="calculated">
    <Real min="0.0" nominal="1.250102626409427e-10" unit="m3/(Pa.s)"/>
  </ScalarVariable>
  <!-- Index of variable = "78" -->
  <ScalarVariable
    name="GFR.q_in.pressure"
    valueReference="75"
    description="Pressure"
    variability="continuous"
    causality="local"
    >
    <Real nominal="133.322387415" unit="Pa"/>
  </ScalarVariable>
  <!-- Index of variable = "79" -->
  <ScalarVariable
    name="GFR.q_in.q"
    valueReference="1"
    description="Volume flow"
    variability="continuous"
    causality="local"
    >
    <Real nominal="1.666666666666667e-08" unit="m3/s"/>
  </ScalarVariable>
  <!-- Index of variable = "80" -->
  <ScalarVariable
    name="GFR.q_out.pressure"
    valueReference="75"
    description="Pressure"
    variability="continuous"
    causality="local"
    >
    <Real nominal="133.322387415" unit="Pa"/>
  </ScalarVariable>
  <!-- Index of variable = "81" -->
  <ScalarVariable
    name="GFR.q_out.q"
    valueReference="80"
    description="Volume flow"
    variability="continuous"
    causality="local"
    initial="calculated">
    <Real nominal="1.666666666666667e-08" unit="m3/s"/>
  </ScalarVariable>
  <!-- Index of variable = "82" -->
  <ScalarVariable
    name="GFR.volumeFlowRate"
    valueReference="1"
    description="Volumetric flow"
    variability="continuous"
    causality="local"
    >
    <Real nominal="1.666666666666667e-08" unit="m3/s"/>
  </ScalarVariable>
  <!-- Index of variable = "83" -->
  <ScalarVariable
    name="GP.q_in.pressure"
    valueReference="2"
    description="Pressure"
    variability="continuous"
    causality="local"
    >
    <Real nominal="133.322387415" unit="Pa"/>
  </ScalarVariable>
  <!-- Index of variable = "84" -->
  <ScalarVariable
    name="PTP.pressure"
    valueReference="75"
    description="Pressure"
    variability="continuous"
    causality="local"
    >
    <Real nominal="133.322387415" unit="Pa"/>
  </ScalarVariable>
  <!-- Index of variable = "85" -->
  <ScalarVariable
    name="PTP.q_in.pressure"
    valueReference="75"
    description="Pressure"
    variability="continuous"
    causality="local"
    >
    <Real nominal="133.322387415" unit="Pa"/>
  </ScalarVariable>
  <!-- Index of variable = "86" -->
  <ScalarVariable
    name="RBF.q_in.pressure"
    valueReference="2"
    description="Pressure"
    variability="continuous"
    causality="local"
    >
    <Real nominal="133.322387415" unit="Pa"/>
  </ScalarVariable>
  <!-- Index of variable = "87" -->
  <ScalarVariable
    name="RBF.q_in.q"
    valueReference="6"
    description="Volume flow"
    variability="continuous"
    causality="local"
    >
    <Real nominal="1.666666666666667e-08" unit="m3/s"/>
  </ScalarVariable>
  <!-- Index of variable = "88" -->
  <ScalarVariable
    name="RBF.q_out.pressure"
    valueReference="2"
    description="Pressure"
    variability="continuous"
    causality="local"
    >
    <Real nominal="133.322387415" unit="Pa"/>
  </ScalarVariable>
  <!-- Index of variable = "89" -->
  <ScalarVariable
    name="RBF.q_out.q"
    valueReference="88"
    description="Volume flow"
    variability="continuous"
    causality="local"
    initial="calculated">
    <Real nominal="1.666666666666667e-08" unit="m3/s"/>
  </ScalarVariable>
  <!-- Index of variable = "90" -->
  <ScalarVariable
    name="RBF.volumeFlowRate"
    valueReference="6"
    description="Volumetric flow"
    variability="continuous"
    causality="local"
    >
    <Real nominal="1.666666666666667e-08" unit="m3/s"/>
  </ScalarVariable>
  <!-- Index of variable = "91" -->
  <ScalarVariable
    name="afferentArtery.c"
    valueReference="53"
    variability="continuous"
    causality="local"
    >
    <Real min="0.0" nominal="1.250102626409427e-10" unit="m3/(Pa.s)"/>
  </ScalarVariable>
  <!-- Index of variable = "92" -->
  <ScalarVariable
    name="afferentArtery.q_in.pressure"
    valueReference="59"
    description="Pressure"
    variability="continuous"
    causality="local"
    >
    <Real nominal="133.322387415" unit="Pa"/>
  </ScalarVariable>
  <!-- Index of variable = "93" -->
  <ScalarVariable
    name="afferentArtery.q_in.q"
    valueReference="6"
    description="Volume flow"
    variability="continuous"
    causality="local"
    >
    <Real nominal="1.666666666666667e-08" unit="m3/s"/>
  </ScalarVariable>
  <!-- Index of variable = "94" -->
  <ScalarVariable
    name="afferentArtery.q_out.pressure"
    valueReference="2"
    description="Pressure"
    variability="continuous"
    causality="local"
    >
    <Real nominal="133.322387415" unit="Pa"/>
  </ScalarVariable>
  <!-- Index of variable = "95" -->
  <ScalarVariable
    name="afferentArtery.q_out.q"
    valueReference="94"
    description="Volume flow"
    variability="continuous"
    causality="local"
    initial="calculated">
    <Real nominal="1.666666666666667e-08" unit="m3/s"/>
  </ScalarVariable>
  <!-- Index of variable = "96" -->
  <ScalarVariable
    name="afferentArtery.volumeFlowRate"
    valueReference="6"
    description="Volumetric flow"
    variability="continuous"
    causality="local"
    >
    <Real nominal="1.666666666666667e-08" unit="m3/s"/>
  </ScalarVariable>
  <!-- Index of variable = "97" -->
  <ScalarVariable
    name="aveCOP.inputGFR"
    valueReference="1"
    variability="continuous"
    causality="local"
    >
    <Real/>
  </ScalarVariable>
  <!-- Index of variable = "98" -->
  <ScalarVariable
    name="aveCOP.inputRBF"
    valueReference="6"
    variability="continuous"
    causality="local"
    >
    <Real/>
  </ScalarVariable>
  <!-- Index of variable = "99" -->
  <ScalarVariable
    name="bloodDrain.p"
    valueReference="58"
    variability="continuous"
    causality="local"
    >
    <Real nominal="133.322387415" unit="Pa"/>
  </ScalarVariable>
  <!-- Index of variable = "100" -->
  <ScalarVariable
    name="bloodDrain.y.pressure"
    valueReference="58"
    description="Pressure"
    variability="continuous"
    causality="local"
    >
    <Real nominal="133.322387415" unit="Pa"/>
  </ScalarVariable>
  <!-- Index of variable = "101" -->
  <ScalarVariable
    name="bloodDrain.y.q"
    valueReference="34"
    description="Volume flow"
    variability="continuous"
    causality="local"
    >
    <Real nominal="1.666666666666667e-08" unit="m3/s"/>
  </ScalarVariable>
  <!-- Index of variable = "102" -->
  <ScalarVariable
    name="bloodSource.p"
    valueReference="59"
    variability="continuous"
    causality="local"
    >
    <Real nominal="133.322387415" unit="Pa"/>
  </ScalarVariable>
  <!-- Index of variable = "103" -->
  <ScalarVariable
    name="bloodSource.y.pressure"
    valueReference="59"
    description="Pressure"
    variability="continuous"
    causality="local"
    >
    <Real nominal="133.322387415" unit="Pa"/>
  </ScalarVariable>
  <!-- Index of variable = "104" -->
  <ScalarVariable
    name="bloodSource.y.q"
    valueReference="103"
    description="Volume flow"
    variability="continuous"
    causality="local"
    initial="calculated">
    <Real nominal="1.666666666666667e-08" unit="m3/s"/>
  </ScalarVariable>
  <!-- Index of variable = "105" -->
  <ScalarVariable
    name="efferentArtery.c"
    valueReference="65"
    variability="continuous"
    causality="local"
    >
    <Real min="0.0" nominal="1.250102626409427e-10" unit="m3/(Pa.s)"/>
  </ScalarVariable>
  <!-- Index of variable = "106" -->
  <ScalarVariable
    name="efferentArtery.q_in.pressure"
    valueReference="2"
    description="Pressure"
    variability="continuous"
    causality="local"
    >
    <Real nominal="133.322387415" unit="Pa"/>
  </ScalarVariable>
  <!-- Index of variable = "107" -->
  <ScalarVariable
    name="efferentArtery.q_in.q"
    valueReference="34"
    description="Volume flow"
    variability="continuous"
    causality="local"
    >
    <Real nominal="1.666666666666667e-08" unit="m3/s"/>
  </ScalarVariable>
  <!-- Index of variable = "108" -->
  <ScalarVariable
    name="efferentArtery.q_out.pressure"
    valueReference="31"
    description="Pressure"
    variability="continuous"
    causality="local"
    >
    <Real nominal="133.322387415" unit="Pa"/>
  </ScalarVariable>
  <!-- Index of variable = "109" -->
  <ScalarVariable
    name="efferentArtery.q_out.q"
    valueReference="108"
    description="Volume flow"
    variability="continuous"
    causality="local"
    initial="calculated">
    <Real nominal="1.666666666666667e-08" unit="m3/s"/>
  </ScalarVariable>
  <!-- Index of variable = "110" -->
  <ScalarVariable
    name="efferentArtery.volumeFlowRate"
    valueReference="34"
    description="Volumetric flow"
    variability="continuous"
    causality="local"
    >
    <Real nominal="1.666666666666667e-08" unit="m3/s"/>
  </ScalarVariable>
  <!-- Index of variable = "111" -->
  <ScalarVariable
    name="glomMembrane.c"
    valueReference="66"
    variability="continuous"
    causality="local"
    >
    <Real min="0.0" nominal="1.250102626409427e-10" unit="m3/(Pa.s)"/>
  </ScalarVariable>
  <!-- Index of variable = "112" -->
  <ScalarVariable
    name="glomMembrane.q_in.q"
    valueReference="1"
    description="Volume flow"
    variability="continuous"
    causality="local"
    >
    <Real nominal="1.666666666666667e-08" unit="m3/s"/>
  </ScalarVariable>
  <!-- Index of variable = "113" -->
  <ScalarVariable
    name="glomMembrane.q_out.q"
    valueReference="112"
    description="Volume flow"
    variability="continuous"
    causality="local"
    initial="calculated">
    <Real nominal="1.666666666666667e-08" unit="m3/s"/>
  </ScalarVariable>
  <!-- Index of variable = "114" -->
  <ScalarVariable
    name="glomMembrane.volumeFlowRate"
    valueReference="1"
    description="Volumetric flow"
    variability="continuous"
    causality="local"
    >
    <Real nominal="1.666666666666667e-08" unit="m3/s"/>
  </ScalarVariable>
  <!-- Index of variable = "115" -->
  <ScalarVariable
    name="idealValve1.goff"
    valueReference="68"
    variability="continuous"
    causality="local"
    >
    <Real min="0.0" nominal="1.250102626409427e-10" unit="m3/(Pa.s)"/>
  </ScalarVariable>
  <!-- Index of variable = "116" -->
  <ScalarVariable
    name="idealValve1.gon"
    valueReference="69"
    variability="continuous"
    causality="local"
    >
    <Real min="0.0" nominal="1.250102626409427e-10" unit="m3/(Pa.s)"/>
  </ScalarVariable>
  <!-- Index of variable = "117" -->
  <ScalarVariable
    name="idealValve1.q_in.pressure"
    valueReference="24"
    description="Pressure"
    variability="continuous"
    causality="local"
    >
    <Real nominal="133.322387415" unit="Pa"/>
  </ScalarVariable>
  <!-- Index of variable = "118" -->
  <ScalarVariable
    name="idealValve1.q_in.q"
    valueReference="1"
    description="Volume flow"
    variability="continuous"
    causality="local"
    >
    <Real nominal="1.666666666666667e-08" unit="m3/s"/>
  </ScalarVariable>
  <!-- Index of variable = "119" -->
  <ScalarVariable
    name="idealValve1.q_out.pressure"
    valueReference="75"
    description="Pressure"
    variability="continuous"
    causality="local"
    >
    <Real nominal="133.322387415" unit="Pa"/>
  </ScalarVariable>
  <!-- Index of variable = "120" -->
  <ScalarVariable
    name="idealValve1.q_out.q"
    valueReference="119"
    description="Volume flow"
    variability="continuous"
    causality="local"
    initial="calculated">
    <Real nominal="1.666666666666667e-08" unit="m3/s"/>
  </ScalarVariable>
  <!-- Index of variable = "121" -->
  <ScalarVariable
    name="idealValve1.volumeFlowRate"
    valueReference="1"
    description="Volumetric flow"
    variability="continuous"
    causality="local"
    >
    <Real nominal="1.666666666666667e-08" unit="m3/s"/>
  </ScalarVariable>
  <!-- Index of variable = "122" -->
  <ScalarVariable
    name="inverseCOP.u"
    valueReference="18"
    description="Input signal connector"
    variability="continuous"
    causality="local"
    >
    <Real/>
  </ScalarVariable>
  <!-- Index of variable = "123" -->
  <ScalarVariable
    name="osmoticBlood.dP"
    valueReference="27"
    variability="continuous"
    causality="local"
    >
    <Real/>
  </ScalarVariable>
  <!-- Index of variable = "124" -->
  <ScalarVariable
    name="osmoticBlood.dPVar"
    valueReference="27"
    description="pressure difference"
    variability="continuous"
    causality="local"
    >
    <Real unit="Pa"/>
  </ScalarVariable>
  <!-- Index of variable = "125" -->
  <ScalarVariable
    name="osmoticBlood.port_a.pressure"
    valueReference="2"
    description="Pressure"
    variability="continuous"
    causality="local"
    >
    <Real nominal="133.322387415" unit="Pa"/>
  </ScalarVariable>
  <!-- Index of variable = "126" -->
  <ScalarVariable
    name="osmoticBlood.port_a.q"
    valueReference="1"
    description="Volume flow"
    variability="continuous"
    causality="local"
    >
    <Real nominal="1.666666666666667e-08" unit="m3/s"/>
  </ScalarVariable>
  <!-- Index of variable = "127" -->
  <ScalarVariable
    name="osmoticBlood.port_b.pressure"
    valueReference="23"
    description="Pressure"
    variability="continuous"
    causality="local"
    >
    <Real nominal="133.322387415" unit="Pa"/>
  </ScalarVariable>
  <!-- Index of variable = "128" -->
  <ScalarVariable
    name="osmoticBlood.port_b.q"
    valueReference="127"
    description="Volume flow"
    variability="continuous"
    causality="local"
    initial="calculated">
    <Real nominal="1.666666666666667e-08" unit="m3/s"/>
  </ScalarVariable>
  <!-- Index of variable = "129" -->
  <ScalarVariable
    name="pAffEffective.u1"
    valueReference="59"
    description="Connector of Real input signal 1"
    variability="continuous"
    causality="local"
    >
    <Real/>
  </ScalarVariable>
  <!-- Index of variable = "130" -->
  <ScalarVariable
    name="pAffEffective.u2"
    valueReference="17"
    description="Connector of Real input signal 2"
    variability="continuous"
    causality="local"
    >
    <Real/>
  </ScalarVariable>
  <!-- Index of variable = "131" -->
  <ScalarVariable
    name="pEffEffective.u1"
    valueReference="19"
    description="Connector of Real input signal 1"
    variability="continuous"
    causality="local"
    >
    <Real/>
  </ScalarVariable>
  <!-- Index of variable = "132" -->
  <ScalarVariable
    name="pEffEffective.u2"
    valueReference="31"
    description="Connector of Real input signal 2"
    variability="continuous"
    causality="local"
    >
    <Real/>
  </ScalarVariable>
  <!-- Index of variable = "133" -->
  <ScalarVariable
    name="pressureAff.pressure"
    valueReference="59"
    description="Pressure"
    variability="continuous"
    causality="local"
    >
    <Real nominal="133.322387415" unit="Pa"/>
  </ScalarVariable>
  <!-- Index of variable = "134" -->
  <ScalarVariable
    name="pressureAff.q_in.pressure"
    valueReference="59"
    description="Pressure"
    variability="continuous"
    causality="local"
    >
    <Real nominal="133.322387415" unit="Pa"/>
  </ScalarVariable>
  <!-- Index of variable = "135" -->
  <ScalarVariable
    name="pressureEff.q_in.pressure"
    valueReference="31"
    description="Pressure"
    variability="continuous"
    causality="local"
    >
    <Real nominal="133.322387415" unit="Pa"/>
  </ScalarVariable>
  <!-- Index of variable = "136" -->
  <ScalarVariable
    name="urineDrain.p"
    valueReference="75"
    variability="continuous"
    causality="local"
    >
    <Real nominal="133.322387415" unit="Pa"/>
  </ScalarVariable>
  <!-- Index of variable = "137" -->
  <ScalarVariable
    name="urineDrain.y.pressure"
    valueReference="75"
    description="Pressure"
    variability="continuous"
    causality="local"
    >
    <Real nominal="133.322387415" unit="Pa"/>
  </ScalarVariable>
  <!-- Index of variable = "138" -->
  <ScalarVariable
    name="urineDrain.y.q"
    valueReference="1"
    description="Volume flow"
    variability="continuous"
    causality="local"
    >
    <Real nominal="1.666666666666667e-08" unit="m3/s"/>
  </ScalarVariable>
  <!-- Index of variable = "139" -->
  <ScalarVariable
    name="vena.c"
    valueReference="76"
    variability="continuous"
    causality="local"
    >
    <Real min="0.0" nominal="1.250102626409427e-10" unit="m3/(Pa.s)"/>
  </ScalarVariable>
  <!-- Index of variable = "140" -->
  <ScalarVariable
    name="vena.q_in.pressure"
    valueReference="31"
    description="Pressure"
    variability="continuous"
    causality="local"
    >
    <Real nominal="133.322387415" unit="Pa"/>
  </ScalarVariable>
  <!-- Index of variable = "141" -->
  <ScalarVariable
    name="vena.q_in.q"
    valueReference="34"
    description="Volume flow"
    variability="continuous"
    causality="local"
    >
    <Real nominal="1.666666666666667e-08" unit="m3/s"/>
  </ScalarVariable>
  <!-- Index of variable = "142" -->
  <ScalarVariable
    name="vena.q_out.pressure"
    valueReference="58"
    description="Pressure"
    variability="continuous"
    causality="local"
    >
    <Real nominal="133.322387415" unit="Pa"/>
  </ScalarVariable>
  <!-- Index of variable = "143" -->
  <ScalarVariable
    name="vena.q_out.q"
    valueReference="142"
    description="Volume flow"
    variability="continuous"
    causality="local"
    initial="calculated">
    <Real nominal="1.666666666666667e-08" unit="m3/s"/>
  </ScalarVariable>
  <!-- Index of variable = "144" -->
  <ScalarVariable
    name="bloodDrain.Simulation"
    valueReference="0"
    description="If in equilibrium, then zero-flow equation is added."
    variability="fixed"
    causality="calculatedParameter"
    initial="calculated">
    <Enumeration declaredType="Physiolibrary.Types.SimulationType"/>
  </ScalarVariable>
  <!-- Index of variable = "145" -->
  <ScalarVariable
    name="bloodSource.Simulation"
    valueReference="1"
    description="If in equilibrium, then zero-flow equation is added."
    variability="fixed"
    causality="calculatedParameter"
    initial="calculated">
    <Enumeration declaredType="Physiolibrary.Types.SimulationType"/>
  </ScalarVariable>
  <!-- Index of variable = "146" -->
  <ScalarVariable
    name="urineDrain.Simulation"
    valueReference="2"
    description="If in equilibrium, then zero-flow equation is added."
    variability="fixed"
    causality="calculatedParameter"
    initial="calculated">
    <Enumeration declaredType="Physiolibrary.Types.SimulationType"/>
  </ScalarVariable>
  <!-- Index of variable = "147" -->
  <ScalarVariable
    name="idealValve1.open"
    valueReference="0"
    description="Switching state"
    variability="discrete"
    causality="local"
    initial="exact">
    <Boolean start="true"/>
  </ScalarVariable>
  <!-- Index of variable = "148" -->
  <ScalarVariable
    name="afferentArtery.useConductanceInput"
    valueReference="1"
    description="=true, if external conductance value is used"
    variability="fixed"
    causality="calculatedParameter"
    initial="calculated">
    <Boolean/>
  </ScalarVariable>
  <!-- Index of variable = "149" -->
  <ScalarVariable
    name="bloodDrain.isIsolatedInSteadyState"
    valueReference="2"
    description="=true, if there is no flow at port in steady state"
    variability="fixed"
    causality="calculatedParameter"
    initial="calculated">
    <Boolean/>
  </ScalarVariable>
  <!-- Index of variable = "150" -->
  <ScalarVariable
    name="bloodDrain.usePressureInput"
    valueReference="3"
    description="=true, if pressure input is used"
    variability="fixed"
    causality="calculatedParameter"
    initial="calculated">
    <Boolean/>
  </ScalarVariable>
  <!-- Index of variable = "151" -->
  <ScalarVariable
    name="bloodSource.isIsolatedInSteadyState"
    valueReference="4"
    description="=true, if there is no flow at port in steady state"
    variability="fixed"
    causality="calculatedParameter"
    initial="calculated">
    <Boolean/>
  </ScalarVariable>
  <!-- Index of variable = "152" -->
  <ScalarVariable
    name="bloodSource.usePressureInput"
    valueReference="5"
    description="=true, if pressure input is used"
    variability="fixed"
    causality="calculatedParameter"
    initial="calculated">
    <Boolean/>
  </ScalarVariable>
  <!-- Index of variable = "153" -->
  <ScalarVariable
    name="efferentArtery.useConductanceInput"
    valueReference="6"
    description="=true, if external conductance value is used"
    variability="fixed"
    causality="calculatedParameter"
    initial="calculated">
    <Boolean/>
  </ScalarVariable>
  <!-- Index of variable = "154" -->
  <ScalarVariable
    name="glomMembrane.useConductanceInput"
    valueReference="7"
    description="=true, if external conductance value is used"
    variability="fixed"
    causality="calculatedParameter"
    initial="calculated">
    <Boolean/>
  </ScalarVariable>
  <!-- Index of variable = "155" -->
  <ScalarVariable
    name="idealValve1.useLimitationInputs"
    valueReference="8"
    description="=true, if Gon and Goff are from inputs"
    variability="fixed"
    causality="calculatedParameter"
    initial="calculated">
    <Boolean/>
  </ScalarVariable>
  <!-- Index of variable = "156" -->
  <ScalarVariable
    name="urineDrain.isIsolatedInSteadyState"
    valueReference="9"
    description="=true, if there is no flow at port in steady state"
    variability="fixed"
    causality="calculatedParameter"
    initial="calculated">
    <Boolean/>
  </ScalarVariable>
  <!-- Index of variable = "157" -->
  <ScalarVariable
    name="urineDrain.usePressureInput"
    valueReference="10"
    description="=true, if pressure input is used"
    variability="fixed"
    causality="calculatedParameter"
    initial="calculated">
    <Boolean/>
  </ScalarVariable>
  <!-- Index of variable = "158" -->
  <ScalarVariable
    name="vena.useConductanceInput"
    valueReference="11"
    description="=true, if external conductance value is used"
    variability="fixed"
    causality="calculatedParameter"
    initial="calculated">
    <Boolean/>
  </ScalarVariable>
  </ModelVariables>
  <ModelStructure>
  </ModelStructure>
</fmiModelDescription>